checking-status,duration,credit-history,purpose,amount,savings,employment,rate,sex-status,guarantors,residence,property,age,installment,housing,num-credits,job,liable,phone,foreign,good-credit
0,6,0,0,1169,0,1,1,0,0,1,0,67,1,1,0,1,0,1,0,1
1,48,1,0,5951,0,1,0,0,0,0,0,22,1,1,0,1,0,0,0,0
0,12,0,1,2096,0,1,0,0,0,1,0,49,1,1,0,0,1,0,0,1
0,42,1,0,7882,0,1,0,0,1,1,0,45,1,0,0,1,1,0,0,1
0,24,0,0,4870,0,1,1,0,0,1,1,53,1,0,0,1,1,0,0,0
0,36,1,1,9055,0,1,0,0,0,1,1,35,1,0,0,0,1,1,0,1
0,24,1,0,2835,1,1,1,0,0,1,0,53,1,1,0,1,0,0,0,1
1,36,1,0,6948,0,1,0,0,0,0,1,35,1,0,0,1,0,1,0,1
0,12,1,0,3059,1,1,0,0,0,1,0,61,1,1,0,0,0,0,0,1
1,30,0,0,5234,0,0,1,1,0,0,1,28,1,1,0,1,0,0,0,0
1,12,1,0,1295,0,0,1,0,0,0,1,25,1,0,0,1,0,0,0,0
0,48,1,1,4308,0,0,1,0,0,1,0,24,1,0,0,1,0,0,0,0
1,12,1,0,1567,0,1,0,0,0,0,1,22,1,1,0,1,0,1,0,1
0,24,0,0,1199,0,1,1,0,0,1,1,60,1,1,0,0,0,0,0,0
0,15,1,0,1403,0,1,0,0,0,1,1,28,1,0,0,1,0,0,0,1
0,24,1,0,1282,1,1,1,0,0,0,1,32,1,1,0,0,0,0,0,0
0,24,0,0,2424,0,1,1,0,0,1,0,53,1,1,0,1,0,0,0,1
0,30,1,1,8072,0,0,0,0,0,1,1,25,0,1,1,1,0,0,0,1
1,24,1,0,12579,0,1,1,0,0,0,1,44,1,0,0,1,0,1,0,0
0,24,1,0,3430,1,1,1,0,0,0,1,31,1,1,0,1,1,1,0,1
0,9,0,0,2134,0,1,1,0,0,1,1,48,1,1,1,1,0,1,0,1
0,6,1,0,2647,1,1,0,0,0,1,0,44,1,0,0,1,1,0,0,1
0,10,0,0,2241,0,0,0,0,0,1,0,48,1,0,0,0,1,0,1,1
1,12,0,0,1804,1,0,1,0,0,1,0,44,1,1,0,1,0,0,0,1
0,10,0,0,2069,0,1,0,1,0,0,1,26,1,1,0,1,0,0,1,1
0,6,1,0,1374,0,1,0,0,0,0,0,36,0,1,0,0,0,1,0,1
0,6,1,0,426,0,1,1,1,0,1,1,39,1,1,0,0,0,0,0,1
1,12,1,0,409,1,1,1,0,0,1,0,42,1,0,0,1,0,0,0,1
1,7,1,0,2415,0,1,1,0,1,0,0,34,1,1,0,1,0,0,0,1
0,60,0,1,6836,0,1,1,0,0,1,1,63,1,1,0,1,0,1,0,0
1,18,1,1,1913,1,0,1,1,0,1,0,36,0,1,0,1,0,1,0,1
0,24,1,0,4020,0,1,0,0,0,0,1,27,1,1,0,1,0,0,0,1
1,18,1,0,5866,1,1,0,0,0,0,1,30,1,1,0,1,0,1,0,1
0,12,0,1,1264,0,1,1,0,0,1,1,57,1,0,0,0,0,0,0,1
1,12,1,0,1474,0,0,1,0,0,0,0,33,0,1,0,1,0,1,0,1
1,45,0,0,4746,0,0,1,0,0,0,0,25,1,1,0,0,0,0,0,0
0,48,0,1,6110,0,1,0,0,0,1,1,31,0,0,0,1,0,1,0,1
1,18,1,0,2100,0,1,1,0,1,0,0,37,1,1,0,1,0,0,0,0
1,10,1,0,1225,0,1,0,0,0,0,1,37,1,1,0,1,0,1,0,1
1,9,1,0,458,0,1,1,0,0,1,0,24,1,1,0,1,0,0,0,1
0,30,1,0,2333,1,1,1,0,0,0,1,30,0,1,0,1,0,0,0,1
1,12,1,0,1158,1,1,1,0,0,0,1,26,1,1,0,1,0,1,0,1
1,18,0,1,6204,0,1,0,0,0,1,0,44,1,1,0,0,1,1,0,1
0,30,0,0,6187,1,1,0,1,0,1,1,24,1,0,0,1,0,0,0,1
0,48,0,0,6143,0,1,1,0,0,1,1,58,1,0,0,0,0,0,0,0
0,11,0,0,1393,0,0,1,0,0,1,1,35,1,1,0,1,0,0,0,1
0,36,1,0,2299,1,1,1,0,0,1,1,39,1,1,0,1,0,0,0,1
0,6,1,0,1352,1,0,0,0,0,0,0,23,1,0,0,0,0,1,0,1
0,11,0,0,7228,0,1,0,0,0,1,0,39,1,1,0,0,0,0,0,1
0,12,1,0,2073,1,1,1,0,1,0,0,28,1,1,0,1,0,0,0,1
1,24,0,0,2333,0,0,1,0,0,0,0,29,0,1,0,0,0,0,0,1
1,27,0,0,5965,0,1,0,0,0,0,1,30,1,1,0,1,0,1,0,1
0,12,1,0,1262,0,1,1,0,0,0,1,25,1,1,0,1,0,0,0,1
0,18,1,0,3378,0,1,0,0,0,0,0,31,1,1,0,1,0,1,0,1
1,36,0,0,2225,0,1,1,0,0,1,1,57,0,0,0,1,0,1,0,0
0,6,1,0,783,0,1,0,0,1,0,0,26,1,1,0,0,1,0,0,1
1,12,1,0,6468,0,0,0,0,0,0,1,52,1,1,0,1,0,1,0,0
0,36,0,0,9566,0,1,0,0,0,0,1,31,1,1,0,1,0,0,0,1
1,18,1,0,1961,0,1,1,0,0,0,1,23,1,1,0,1,0,0,0,1
0,36,0,0,6229,0,0,1,0,1,1,1,23,1,0,0,0,0,1,0,0
1,9,1,1,1391,0,1,0,1,0,0,0,27,0,1,0,1,0,1,0,1
1,15,0,0,1537,0,1,1,0,1,1,0,50,1,1,0,1,0,1,0,1
1,36,1,1,1953,0,1,1,0,0,1,1,61,1,0,0,1,0,1,0,0
1,48,1,1,14421,0,1,0,0,0,0,1,25,1,1,0,1,0,1,0,0
0,24,1,0,3181,0,0,1,0,0,1,0,26,1,1,0,1,0,1,0,1
0,27,1,1,5190,0,1,1,0,0,1,0,48,1,1,1,1,1,1,0,1
0,12,1,0,2171,0,0,0,0,0,0,1,29,0,1,0,1,0,0,0,1
1,12,1,0,1007,1,1,1,1,0,0,0,22,1,1,0,1,0,0,0,1
0,36,1,1,1819,0,1,1,0,0,1,1,37,1,0,0,1,0,1,0,0
0,36,1,0,2394,0,1,1,0,0,1,1,25,1,1,0,1,0,0,0,1
0,36,1,0,8133,0,1,0,0,0,0,0,30,0,1,0,1,0,0,0,1
0,7,0,0,730,0,1,1,0,0,0,0,46,1,0,0,0,0,1,0,1
0,8,0,0,1164,0,1,1,0,0,1,1,51,0,0,0,1,1,1,0,1
1,42,0,1,5954,0,1,0,0,0,0,0,41,0,1,0,0,0,0,0,1
0,36,1,1,1977,0,1,1,0,0,1,1,40,1,1,0,1,0,1,0,0
0,12,0,0,1526,0,1,1,0,0,1,1,66,1,0,0,1,0,0,0,1
0,42,1,0,3965,0,0,1,0,0,1,1,34,1,1,0,1,0,0,0,0
1,11,0,0,4771,0,1,0,0,0,1,0,51,1,1,0,1,0,0,0,1
0,54,1,0,9436,0,1,0,0,0,0,0,39,1,1,0,0,1,0,0,1
1,30,1,0,3832,0,0,0,1,0,0,0,22,1,1,0,1,0,0,0,1
0,24,1,0,5943,0,0,0,0,0,0,1,44,1,1,0,1,0,1,0,0
0,15,1,0,1213,1,1,1,0,0,1,0,47,1,1,0,1,0,1,0,1
0,18,1,1,1568,1,1,1,0,0,1,0,24,1,0,0,0,0,0,0,1
0,24,1,0,1755,0,1,1,0,1,1,0,58,1,1,0,0,0,1,0,1
0,10,1,0,2315,0,1,1,0,0,1,0,52,1,1,0,0,0,0,0,1
0,12,0,1,1412,0,1,1,0,1,0,0,29,1,1,0,1,0,1,0,1
1,18,0,0,1295,0,0,1,0,0,0,0,27,1,1,0,1,0,0,0,1
1,36,1,1,12612,1,1,0,0,0,1,1,47,1,0,0,1,1,1,0,0
0,18,1,0,2249,1,1,1,0,0,1,1,30,1,1,0,1,1,1,0,1
0,12,1,1,1108,0,1,1,0,0,1,0,28,1,1,0,1,0,0,0,0
0,12,0,0,618,0,1,1,0,0,1,0,56,1,1,0,1,0,0,0,1
0,12,0,0,1409,0,1,1,0,0,1,0,54,1,1,0,1,0,0,0,1
0,12,0,0,797,0,1,1,0,0,1,0,33,0,1,0,0,1,0,0,0
1,24,0,0,3617,0,1,1,0,1,1,1,20,1,0,0,1,0,0,0,1
1,12,1,0,1318,1,1,1,0,0,1,0,54,1,1,0,1,0,1,0,1
1,54,1,1,15945,0,0,1,0,0,1,1,58,1,0,0,1,0,1,0,0
0,12,0,1,2012,0,1,1,0,0,0,1,61,1,1,0,1,0,0,0,1
1,18,1,1,2622,1,1,1,0,0,1,1,34,1,1,0,1,0,0,0,1
1,36,0,0,2337,0,1,1,0,0,1,0,36,1,1,0,1,0,0,0,1
1,20,0,0,7057,0,1,1,0,0,1,0,36,0,0,0,1,1,1,0,1
0,24,1,0,1469,1,1,1,1,0,1,0,41,1,0,0,0,0,0,0,1
1,36,1,0,2323,0,1,1,0,0,1,1,24,1,0,0,1,0,0,0,1
0,6,0,0,932,0,1,1,0,0,0,0,24,1,1,0,1,0,0,0,1
1,9,0,0,1919,0,1,1,0,0,1,1,35,1,0,0,1,0,1,0,1
0,12,1,0,2445,0,0,0,1,0,1,1,26,1,0,0,1,0,1,0,1
1,24,0,0,11938,0,1,0,0,1,1,1,39,1,1,0,1,1,1,0,0
0,18,1,0,6458,0,1,0,0,0,1,1,39,0,1,0,1,1,1,0,0
1,12,1,0,6078,0,1,0,0,0,0,1,32,1,1,0,1,0,0,0,1
0,24,1,0,7721,0,0,0,0,0,0,0,30,1,1,0,1,0,1,1,1
1,14,1,1,1410,1,1,0,1,0,0,0,35,1,1,0,1,0,1,0,1
1,6,0,1,1449,1,1,0,0,0,0,1,31,0,1,0,1,1,0,0,1
1,15,1,1,392,0,0,1,0,0,1,0,23,1,0,0,1,0,1,0,1
1,18,1,0,6260,0,1,1,0,0,1,0,28,1,0,0,0,0,0,0,1
0,36,0,0,7855,0,1,1,0,0,0,0,25,1,1,0,1,0,1,0,0
0,12,1,0,1680,1,1,1,1,0,0,0,35,1,1,0,1,0,0,0,1
0,48,0,0,3578,0,1,1,0,0,0,0,47,1,1,0,1,0,1,0,1
0,42,1,0,7174,0,1,1,0,0,1,1,30,1,1,0,1,0,1,0,0
0,10,0,0,2132,0,0,0,0,1,1,0,27,1,0,0,1,0,0,1,1
0,33,0,0,4281,1,1,0,0,0,1,1,23,1,1,0,1,0,0,0,0
1,12,0,0,2366,1,1,1,0,0,1,1,36,1,1,0,1,0,1,0,1
0,21,1,0,1835,0,1,1,0,0,0,0,25,1,1,0,1,0,1,0,0
0,24,0,0,3868,0,1,1,0,0,0,1,41,1,0,0,1,0,1,0,1
0,12,1,0,1768,0,1,1,0,0,0,0,24,1,0,0,0,0,0,0,1
1,10,0,0,781,0,1,1,0,0,1,1,63,1,0,0,1,0,1,0,1
1,18,1,0,1924,0,0,1,0,0,1,0,27,1,0,0,1,0,0,0,0
0,12,0,0,2121,0,1,1,0,0,0,0,30,1,1,0,1,0,0,0,1
0,12,1,0,701,0,1,1,1,0,0,0,40,1,1,0,0,0,0,0,1
1,12,1,1,639,0,1,1,0,0,0,1,30,1,1,0,1,0,0,0,0
1,12,0,0,1860,0,0,1,0,0,0,1,34,1,1,0,1,0,1,0,1
0,12,0,0,3499,0,1,1,0,1,0,0,29,1,1,0,1,0,0,0,0
1,48,1,0,8487,0,1,0,0,0,0,1,24,1,1,0,1,0,0,0,1
0,36,0,1,6887,0,1,1,0,0,1,0,29,1,1,0,1,0,1,0,0
0,15,1,0,2708,0,0,0,0,0,1,0,27,0,1,0,0,0,0,0,1
0,18,1,0,1984,0,1,1,0,0,1,1,47,0,0,0,1,0,0,0,1
0,60,1,0,10144,1,1,0,0,0,1,0,21,1,1,0,1,0,1,0,1
0,12,0,0,1240,0,1,1,0,0,0,0,38,1,1,0,1,0,1,0,1
0,27,0,0,8613,1,1,0,0,0,0,1,27,1,1,0,1,0,0,0,1
1,12,1,0,766,1,1,1,0,0,1,0,66,1,1,0,0,0,0,0,0
1,15,0,0,2728,0,1,1,0,1,0,0,35,0,1,1,1,0,1,0,1
1,12,1,0,1881,0,1,0,0,0,0,1,44,1,0,0,0,0,1,0,1
1,6,1,0,709,1,0,0,1,0,0,0,27,1,1,0,0,0,0,1,1
1,36,1,0,4795,0,0,1,0,0,0,1,30,1,1,0,1,0,1,0,1
0,27,1,0,3416,0,1,1,0,0,0,1,27,1,1,0,1,0,0,0,1
0,18,1,0,2462,0,1,0,0,0,0,1,22,1,1,0,1,0,0,0,0
0,21,0,0,2288,0,0,1,0,0,1,0,23,1,1,0,1,0,1,0,1
1,48,1,1,3566,1,1,1,0,0,0,1,30,1,1,0,1,0,0,0,1
0,6,0,0,860,0,1,0,0,0,1,1,39,1,1,0,1,0,1,0,1
0,12,0,0,682,1,1,1,0,0,1,1,51,1,1,0,1,0,1,0,1
0,36,0,0,5371,0,1,1,0,1,0,0,28,1,1,0,1,0,0,0,1
0,18,0,0,1582,1,1,1,0,0,1,1,46,1,1,0,1,0,0,0,1
0,6,1,0,1346,1,1,0,0,0,1,1,42,0,0,0,1,1,1,0,1
0,10,1,0,1924,0,1,0,0,0,1,0,38,1,1,0,1,0,1,1,1
1,36,1,0,5848,0,1,1,0,0,0,1,24,1,1,0,1,0,0,0,1
1,24,0,0,7758,1,1,0,0,0,1,1,29,1,0,0,1,0,0,0,1
1,24,0,1,6967,1,1,1,0,0,1,1,36,1,0,0,1,0,1,0,1
0,12,1,0,1282,0,1,0,0,0,1,1,20,1,0,0,1,0,0,0,0
0,9,0,1,1288,1,1,1,0,1,1,0,48,1,1,0,1,1,0,1,1
0,12,1,1,339,0,1,1,1,0,0,1,45,0,1,0,0,0,0,0,1
1,24,1,0,3512,1,1,0,0,0,1,1,38,0,1,0,1,0,1,0,1
0,6,0,0,1898,0,1,0,0,0,0,0,34,1,1,0,0,1,0,0,1
0,24,0,0,2872,1,1,1,0,0,1,0,36,1,1,0,1,1,1,0,1
0,18,0,0,1055,0,0,1,0,0,0,0,30,1,1,0,1,0,0,0,1
0,15,1,0,1262,1,1,1,0,0,1,0,36,1,1,0,1,0,1,0,1
1,10,1,0,7308,0,0,0,0,0,1,1,70,0,0,0,1,0,1,0,1
0,36,1,0,909,1,1,1,0,0,1,0,36,1,1,0,1,0,0,0,1
0,6,1,0,2978,1,1,0,0,0,0,1,32,1,1,0,1,0,1,0,1
0,18,1,0,1131,0,0,1,0,0,0,1,33,1,1,0,1,0,0,0,0
1,11,1,0,1577,1,0,1,0,0,0,0,20,1,1,0,1,0,0,0,1
0,24,1,0,3972,0,1,0,0,0,1,0,25,1,0,0,1,0,1,0,1
1,24,0,1,1935,0,1,1,0,0,1,0,31,1,1,0,1,0,1,0,0
0,15,1,0,950,0,1,1,0,0,1,1,33,1,0,0,1,1,0,0,0
0,12,1,0,763,0,1,1,0,0,0,0,26,1,1,0,1,0,1,0,1
1,24,0,0,2064,0,0,1,0,0,0,0,34,1,1,0,1,0,1,0,0
1,8,1,0,1414,0,1,1,0,1,0,0,33,1,1,0,1,0,0,1,1
0,21,0,1,3414,0,0,0,0,0,0,0,26,1,1,0,1,0,0,0,0
0,30,1,0,7485,0,0,1,0,0,0,0,53,0,1,0,1,0,1,0,0
0,12,1,0,2577,0,1,0,0,0,0,1,42,1,1,0,1,0,0,0,1
0,6,0,0,338,1,1,1,0,0,1,1,52,1,1,0,1,0,0,0,1
0,12,1,0,1963,0,1,1,0,0,0,1,31,1,0,0,1,1,1,0,1
0,21,0,0,571,0,1,1,0,0,1,0,65,1,1,0,1,0,0,0,1
0,36,0,1,9572,0,0,0,0,0,0,1,28,1,1,0,1,0,0,0,0
1,36,0,1,4455,0,1,0,0,0,0,0,30,1,1,0,1,0,1,0,0
0,21,1,0,1647,0,1,1,0,0,0,0,40,1,1,0,0,1,0,0,0
0,24,0,0,3777,1,1,1,0,0,1,0,50,1,1,0,1,0,1,0,1
1,18,0,0,884,0,1,1,0,0,1,1,36,0,1,0,1,1,1,0,0
0,15,0,0,1360,0,1,1,0,0,0,0,31,1,1,0,1,0,0,0,1
1,9,1,0,5129,0,1,0,0,0,1,1,74,0,0,0,1,1,1,0,0
1,16,0,0,1175,0,0,0,0,0,1,1,68,1,0,1,0,0,1,0,1
0,12,1,0,674,1,1,1,1,0,0,0,20,1,1,0,1,0,0,0,0
1,18,1,0,3244,0,1,0,0,0,1,1,33,0,1,0,1,0,1,0,1
0,24,1,1,4591,1,1,0,0,0,1,0,54,1,1,1,1,0,1,0,0
1,48,1,1,3844,1,1,1,0,0,1,1,34,1,0,0,0,1,0,0,0
1,27,1,1,3915,0,1,1,0,0,0,1,36,1,1,0,1,1,1,0,0
0,6,1,0,2108,0,1,0,1,0,0,0,29,1,0,0,1,0,0,0,1
1,45,1,0,3031,1,1,1,0,1,1,0,21,1,0,0,1,0,0,0,0
1,9,0,1,1501,0,1,0,0,0,1,1,34,1,1,0,1,0,1,0,0
0,6,0,0,1382,0,1,0,0,0,0,1,28,1,1,0,1,0,1,0,1
1,12,1,0,951,1,0,1,0,0,1,1,27,0,0,1,1,0,0,0,0
1,24,1,0,2760,0,1,1,0,0,1,1,36,0,0,0,1,0,1,0,1
1,18,0,0,4297,0,1,1,0,0,1,1,40,1,1,0,1,0,1,0,0
0,9,0,1,936,1,1,1,0,0,0,1,52,1,1,0,1,0,1,0,1
0,12,1,0,1168,0,1,1,1,0,1,0,27,1,1,0,0,0,0,0,1
0,27,0,1,5117,0,1,1,0,0,1,1,26,1,1,0,1,0,0,0,1
0,12,1,1,902,0,1,1,1,0,1,0,21,1,0,0,1,0,0,0,0
0,12,0,0,1495,0,1,1,0,0,0,0,38,1,1,0,0,1,0,0,1
0,30,0,0,10623,0,1,1,0,0,1,1,38,1,0,1,1,1,1,0,1
0,12,0,0,1935,0,1,1,0,0,1,0,43,1,1,1,1,0,1,0,1
1,12,0,0,1424,0,1,1,0,0,1,0,26,1,1,0,1,0,0,0,1
0,24,1,1,6568,0,1,0,1,0,0,1,21,1,1,0,0,0,0,0,1
0,12,1,0,1413,1,1,1,0,0,0,0,55,1,1,0,1,0,0,1,1
0,9,0,0,3074,0,1,0,0,0,0,0,33,1,1,0,1,1,0,0,1
0,36,1,0,3835,0,1,0,0,0,1,0,45,1,1,0,0,0,1,0,1
0,27,1,1,5293,0,0,0,0,0,1,0,50,1,1,0,1,0,1,0,0
1,30,0,1,1908,0,1,1,0,0,1,0,66,1,1,0,1,0,1,0,0
0,36,0,0,3342,0,1,1,0,0,0,1,51,1,1,0,1,0,1,0,1
1,6,0,1,932,0,1,0,0,0,1,0,39,1,1,0,0,0,0,0,1
0,18,1,1,3104,0,1,1,0,0,0,0,31,0,1,0,1,0,1,0,1
1,36,1,0,3913,0,1,0,0,0,0,0,23,1,1,0,1,0,1,0,1
0,24,1,0,3021,0,1,0,0,0,0,0,24,1,0,0,0,0,0,0,1
0,10,1,0,1364,0,1,0,0,0,1,1,64,1,1,0,1,0,1,0,1
1,12,1,0,625,0,0,1,1,1,0,0,26,0,1,0,0,0,0,0,1
0,12,1,1,1200,0,1,1,0,0,1,0,23,0,0,0,1,0,1,0,1
0,12,1,0,707,0,1,1,0,0,0,0,30,0,1,0,1,0,0,0,1
0,24,0,1,2978,0,1,1,0,0,1,0,32,1,1,0,1,1,1,0,1
0,15,1,0,4657,0,1,1,0,0,0,1,30,1,1,0,1,0,1,0,1
0,36,1,1,2613,0,1,1,0,0,0,1,27,1,1,0,1,0,0,0,1
1,48,1,0,10961,1,1,0,0,1,0,1,27,0,1,0,1,0,1,0,0
0,12,1,0,7865,0,1,1,0,0,1,1,53,1,0,0,1,0,1,0,0
0,9,1,0,1478,0,1,1,0,0,0,1,22,1,1,0,1,0,0,0,0
0,24,1,0,3149,0,0,1,0,0,0,1,22,0,0,0,1,0,0,0,1
1,36,1,0,4210,0,1,1,0,0,0,1,26,1,1,0,1,0,0,0,0
0,9,1,0,2507,1,1,0,0,0,1,1,51,1,0,0,0,0,0,0,1
0,12,1,0,2141,1,1,1,0,0,0,1,35,1,1,0,1,0,0,0,1
1,18,1,0,866,0,1,1,1,1,0,0,25,1,1,0,0,0,0,0,1
0,4,0,0,1544,0,1,0,0,0,0,0,42,1,1,1,0,1,0,0,1
0,24,1,0,1823,0,0,1,0,0,0,1,30,1,1,0,1,1,0,0,0
1,6,1,0,14555,0,0,0,0,0,0,0,23,1,1,0,0,0,1,0,0
1,21,1,1,2767,1,1,1,0,0,0,1,61,0,0,0,0,0,0,0,0
0,12,0,0,1291,0,1,1,0,0,0,0,35,1,1,0,1,0,0,0,1
0,30,1,0,2522,0,1,0,0,1,1,0,39,1,1,0,1,1,0,0,1
0,24,1,0,915,0,1,1,0,0,0,1,29,0,1,0,1,0,0,0,0
0,6,1,0,1595,0,1,1,0,0,0,0,51,1,1,0,1,1,0,0,1
0,48,1,0,4605,0,1,1,0,0,1,1,24,1,0,0,1,1,0,0,0
0,12,0,1,1185,0,1,1,0,0,0,0,27,1,1,0,1,0,0,0,1
0,12,1,1,3447,1,1,1,0,0,1,0,35,1,1,0,0,1,0,0,1
0,24,1,1,1258,0,1,1,0,0,0,0,25,1,1,0,1,0,1,0,1
0,12,0,0,717,0,1,1,0,0,1,0,52,1,1,1,1,0,0,0,1
0,6,1,0,1204,1,1,1,0,0,0,1,35,0,0,0,1,0,0,1,1
1,24,1,0,1925,0,1,0,0,0,0,0,26,1,1,0,1,0,0,0,1
0,18,1,0,433,0,0,1,0,1,1,0,22,1,0,0,1,0,0,0,0
0,6,0,0,666,1,1,1,0,0,1,0,39,1,1,0,0,0,1,0,1
1,12,1,0,2251,0,1,0,0,0,0,1,46,1,1,0,0,0,0,0,1
1,30,1,0,2150,0,1,1,0,1,0,1,24,0,1,0,1,0,0,0,0
0,24,0,0,4151,1,1,0,0,0,1,0,35,1,1,0,1,0,0,0,1
1,9,1,0,2030,0,1,0,0,0,0,1,24,1,1,0,1,0,1,0,1
1,60,0,0,7418,0,1,0,0,0,0,0,27,1,1,0,0,0,0,0,1
0,24,0,0,2684,0,1,1,0,0,0,0,35,1,1,0,0,0,0,0,1
0,12,1,0,2149,0,1,1,0,0,0,1,29,1,0,0,1,0,0,0,0
0,15,1,0,3812,1,0,0,0,0,1,1,23,1,1,0,1,0,1,0,1
0,11,0,0,1154,1,0,1,0,0,1,0,57,1,1,1,0,0,0,0,1
0,12,1,0,1657,0,1,0,0,0,0,0,27,1,1,0,1,0,0,0,1
0,24,1,0,1603,0,1,1,0,0,1,1,55,1,1,0,1,0,0,0,1
0,18,0,0,5302,0,1,0,0,0,1,1,36,1,0,1,1,0,1,0,1
0,12,0,1,2748,0,1,0,0,0,1,1,57,0,0,1,0,0,0,0,1
0,10,0,0,1231,0,1,1,0,0,1,0,32,1,1,0,0,1,0,1,1
1,15,1,0,802,0,1,1,0,0,1,1,37,1,1,0,1,1,0,0,0
0,36,0,1,6304,0,1,1,0,0,1,0,36,1,1,0,1,0,0,0,1
0,24,1,0,1533,0,0,1,0,0,1,1,38,1,1,0,1,0,1,0,1
0,14,1,0,8978,0,1,0,0,0,1,0,45,1,1,0,1,0,1,1,0
0,24,1,0,999,0,1,1,0,0,0,1,25,1,1,0,1,0,0,0,1
0,18,1,0,2662,0,1,1,0,0,1,0,32,1,1,0,1,0,0,1,1
0,12,0,0,1402,1,1,1,0,0,1,1,37,1,0,0,1,0,1,0,1
1,48,1,0,12169,0,0,1,0,1,1,1,36,1,0,0,1,0,1,0,1
1,48,1,0,3060,0,1,1,0,0,1,0,28,1,1,0,1,0,0,0,0
0,30,1,1,11998,0,0,0,0,0,0,1,34,1,1,0,0,0,1,0,0
0,9,1,0,2697,0,1,0,0,0,0,0,32,1,1,0,1,1,0,0,1
0,18,0,0,2404,0,1,0,0,0,0,1,26,1,1,0,1,0,0,0,1
0,12,1,0,1262,0,1,0,0,0,1,0,49,1,1,0,0,0,1,0,1
0,6,1,0,4611,0,0,0,0,0,1,0,32,1,1,0,1,0,0,0,0
0,24,1,0,1901,1,1,1,0,0,1,1,29,1,0,0,1,0,1,0,1
0,15,0,0,3368,1,1,1,0,0,1,1,23,1,0,0,1,0,1,0,1
0,12,1,0,1574,0,1,1,0,0,0,0,50,1,1,0,1,0,0,0,1
1,18,1,0,1445,0,1,1,0,0,1,1,49,0,1,0,0,0,0,0,1
0,15,0,0,1520,0,1,1,0,0,1,0,63,1,1,0,1,0,0,0,1
1,24,0,0,3878,1,0,1,0,0,0,1,37,1,1,0,1,0,1,0,1
0,47,1,0,10722,0,0,0,0,0,0,0,35,1,1,0,0,0,1,0,1
0,48,1,0,4788,0,1,1,0,0,1,0,26,1,1,0,1,1,0,0,1
1,48,0,0,7582,1,0,0,0,0,1,1,31,1,0,0,1,0,1,0,1
1,12,1,0,1092,0,1,1,0,1,1,0,49,1,1,0,1,0,1,0,1
0,24,0,0,1024,0,0,1,1,0,1,0,48,1,1,0,1,0,0,0,0
0,12,1,1,1076,0,1,0,1,0,0,0,26,1,1,0,1,0,1,1,1
1,36,1,0,9398,0,0,0,1,0,1,1,28,1,0,0,1,0,1,0,0
0,24,0,0,6419,0,1,0,0,0,1,1,44,1,0,0,1,1,1,0,1
1,42,0,0,4796,0,1,1,0,0,1,1,56,1,0,0,1,0,0,0,1
0,48,0,1,7629,0,1,1,0,0,0,1,46,0,1,0,1,1,0,0,1
1,48,1,0,9960,0,0,0,0,0,0,1,26,1,1,0,1,0,1,0,0
0,12,1,0,4675,0,0,0,0,0,1,1,20,1,0,0,1,0,0,0,1
0,10,1,0,1287,0,1,1,0,1,0,0,45,1,1,0,0,0,0,1,1
0,18,1,0,2515,0,1,1,0,0,1,0,43,1,1,0,1,0,1,0,1
1,21,0,0,2745,1,1,1,0,0,0,1,32,1,1,0,1,0,1,0,1
0,6,1,0,672,0,0,0,0,0,1,0,54,1,1,0,0,0,1,0,1
1,36,1,0,3804,0,1,1,0,0,0,1,42,1,1,0,1,0,1,0,0
1,24,0,0,1344,0,1,1,0,0,0,0,37,0,1,0,0,1,0,0,0
0,10,0,0,1038,0,1,1,0,1,1,0,49,1,1,0,1,0,1,0,1
0,48,0,0,10127,1,1,0,0,0,0,1,44,0,0,0,1,0,0,0,0
0,6,1,0,1543,1,1,1,0,0,0,0,33,1,1,0,1,0,0,0,1
0,30,1,0,4811,0,1,0,0,0,1,0,24,1,0,0,0,0,0,0,1
0,12,1,0,727,1,0,1,1,0,1,1,33,1,1,0,0,0,1,0,0
1,8,1,0,1237,0,1,1,0,0,1,0,24,1,1,0,1,0,0,0,0
1,9,1,0,276,0,1,1,1,0,1,0,22,1,0,0,0,0,0,0,1
1,48,1,0,5381,0,0,1,0,0,1,1,40,0,0,0,0,0,1,0,1
0,24,1,0,5511,1,1,1,0,0,0,1,25,1,1,0,1,0,0,0,1
1,24,1,0,3749,0,0,0,0,0,1,1,26,1,1,0,1,0,0,0,1
1,12,1,0,685,0,1,0,1,0,1,1,25,0,1,0,0,0,0,0,0
1,4,1,0,1494,0,0,0,0,0,0,0,29,1,1,0,0,1,0,1,1
0,36,1,0,2746,0,1,1,0,0,1,1,31,0,1,0,1,0,0,0,0
0,12,1,0,708,0,1,0,0,1,1,0,38,1,1,0,0,1,0,0,1
1,24,1,0,4351,0,1,0,0,0,1,0,48,1,1,0,0,0,1,0,1
0,12,0,1,701,0,1,1,0,0,0,1,32,1,1,0,1,0,0,0,1
0,15,0,0,3643,0,1,0,0,0,1,0,27,1,1,0,0,0,0,0,1
1,30,0,0,4249,0,0,1,1,0,0,1,28,1,1,0,1,0,0,0,0
0,24,1,0,1938,0,0,1,0,0,1,0,32,1,1,0,1,0,0,0,0
0,24,1,0,2910,0,1,0,0,0,0,1,34,1,0,0,1,0,1,0,1
0,18,1,0,2659,1,1,1,0,0,0,1,28,1,1,0,1,0,0,0,1
0,18,0,0,1028,0,1,1,0,0,1,0,36,1,1,0,1,0,0,0,1
0,8,0,0,3398,0,1,0,0,0,1,0,39,1,1,0,0,0,0,1,1
0,12,0,0,5801,0,1,0,0,0,1,0,49,1,0,0,1,0,1,0,1
0,24,1,0,1525,1,1,1,0,0,1,1,34,1,1,0,1,1,1,0,1
1,36,1,0,4473,0,1,1,0,0,0,1,31,1,1,0,1,0,0,0,1
1,6,1,0,1068,0,1,1,0,0,1,1,28,1,1,0,1,1,0,0,1
0,24,0,0,6615,0,0,0,0,0,1,1,75,1,0,0,1,0,1,0,1
0,18,0,1,1864,1,1,1,0,0,0,0,30,1,1,0,1,0,0,0,0
1,60,1,0,7408,1,0,1,0,0,0,0,24,1,1,0,1,0,0,0,0
0,48,0,0,11590,1,1,0,0,0,1,1,24,0,0,0,0,0,0,0,0
0,24,1,0,4110,0,1,1,0,0,1,1,23,0,0,0,1,1,0,0,0
0,6,0,0,3384,0,1,0,0,0,1,0,44,1,0,0,1,0,1,0,0
1,13,1,0,2101,0,0,0,0,1,1,0,23,1,1,0,0,0,0,0,1
0,15,1,0,1275,0,1,1,0,0,0,1,24,1,0,0,1,0,0,0,0
0,24,1,0,4169,0,1,1,0,0,1,0,28,1,1,0,1,0,0,0,1
1,10,1,0,1521,0,1,1,0,0,0,1,31,1,1,0,0,0,0,0,1
1,24,0,1,5743,0,0,0,0,0,1,1,24,1,0,0,1,0,1,0,1
0,21,1,0,3599,0,1,0,0,0,1,1,26,1,0,0,0,0,0,0,1
1,18,1,0,3213,1,0,0,1,0,1,0,25,1,0,0,1,0,0,0,1
1,18,1,1,4439,0,1,0,0,1,0,0,33,0,1,0,1,0,1,0,1
1,10,1,0,3949,0,0,0,0,1,0,0,37,1,1,0,0,1,0,0,1
0,15,0,0,1459,0,1,1,0,0,0,1,43,1,1,0,0,0,0,0,1
1,13,0,0,882,0,0,1,0,1,1,0,23,1,1,0,1,0,0,0,1
1,24,1,0,3758,1,0,0,0,0,1,1,23,1,0,0,0,0,0,0,1
0,6,0,1,1743,1,1,0,0,0,0,0,34,1,1,0,0,0,0,0,1
1,9,0,1,1136,1,1,1,0,0,1,1,32,1,0,0,1,1,0,0,0
0,9,1,0,1236,0,0,0,0,0,1,0,23,1,0,0,1,0,1,0,1
1,9,1,0,959,0,1,0,0,0,0,1,29,1,1,0,1,0,0,1,0
0,18,0,0,3229,0,0,0,0,0,1,1,38,1,1,0,1,0,1,0,1
0,12,1,0,6199,0,1,1,0,0,0,0,28,1,0,0,1,0,1,0,0
0,10,1,1,727,1,1,1,0,0,1,1,46,1,0,0,1,0,1,0,1
1,24,1,0,1246,0,0,1,0,0,0,0,23,1,1,0,0,0,0,0,0
0,12,0,0,2331,0,1,0,0,1,1,0,49,1,1,0,1,0,1,0,1
0,36,0,0,4463,0,1,1,0,0,0,1,26,1,1,0,1,0,1,0,0
0,12,1,0,776,0,1,1,1,0,0,0,28,1,1,0,1,0,0,0,1
0,30,1,0,2406,0,1,1,0,0,1,0,23,1,0,0,1,0,0,0,0
1,18,1,1,1239,0,1,1,0,0,1,1,61,1,0,0,1,0,0,0,1
1,12,1,0,3399,0,1,0,0,0,1,1,37,1,1,0,1,0,0,0,1
1,12,0,0,2247,0,1,0,0,0,0,1,36,1,1,0,1,0,1,0,1
0,6,1,0,1766,0,1,0,1,0,0,0,21,1,0,0,1,0,0,0,1
0,18,1,0,2473,0,0,1,0,0,0,1,25,1,1,0,0,0,0,0,0
0,12,1,1,1542,0,1,0,0,0,1,1,36,1,1,0,1,0,1,0,1
0,18,0,0,3850,0,1,1,0,0,0,1,27,1,1,0,1,0,0,0,1
0,18,1,0,3650,0,0,0,0,0,1,1,22,1,0,0,1,0,0,0,1
0,36,1,0,3446,0,1,1,0,0,0,1,42,1,1,0,1,1,0,0,0
1,18,1,0,3001,0,1,0,0,0,1,0,40,1,0,0,1,0,0,0,1
0,36,1,0,3079,0,1,1,0,0,1,0,36,1,1,0,1,0,0,0,1
0,18,0,0,6070,0,1,1,0,0,1,1,33,1,1,0,1,0,1,0,1
0,10,0,0,2146,0,0,0,0,0,1,0,23,1,0,0,1,0,0,0,1
0,60,0,0,13756,0,1,0,0,0,1,1,63,0,0,0,1,0,1,0,1
1,60,1,0,14782,1,1,1,0,0,1,1,60,0,0,0,1,0,1,0,0
0,48,1,1,7685,0,1,0,0,1,1,1,37,1,0,0,1,0,0,0,0
0,18,0,0,2320,0,0,0,1,0,1,0,34,1,1,0,1,0,0,0,1
0,7,0,0,846,0,1,1,0,0,1,1,36,1,0,0,1,0,0,0,1
1,36,1,0,14318,0,1,1,0,0,0,1,57,1,0,0,1,0,1,0,0
0,6,0,0,362,1,1,1,0,0,1,1,52,1,1,0,0,0,0,0,1
0,20,1,0,2212,0,1,1,0,0,1,1,39,1,1,0,1,0,1,0,1
1,18,1,0,12976,0,0,1,0,0,1,1,38,1,0,0,1,0,1,0,0
0,22,1,0,1283,0,1,1,0,0,1,0,25,1,0,0,1,0,0,0,1
1,12,1,0,1330,0,0,1,0,0,0,0,26,1,1,0,1,0,0,0,1
0,30,0,1,4272,1,1,0,0,0,0,0,26,1,1,0,0,0,0,0,1
0,18,0,0,2238,0,1,0,0,0,0,1,25,1,1,0,1,0,0,0,1
0,18,1,0,1126,0,0,1,0,0,0,0,21,1,0,0,1,0,1,0,1
1,18,0,0,7374,0,0,1,0,0,1,0,40,1,1,0,1,0,1,0,1
1,15,0,1,2326,1,1,0,0,0,1,1,27,0,1,0,1,0,0,0,1
0,9,1,1,1449,0,1,1,0,0,0,1,27,1,1,0,1,0,0,0,1
0,18,1,0,1820,0,1,0,1,0,0,0,30,1,1,0,1,0,1,0,1
1,12,1,0,983,1,0,0,0,0,1,0,19,1,0,0,0,0,0,0,1
0,36,1,0,3249,0,1,0,0,0,1,1,39,0,0,0,1,1,1,0,1
0,6,0,0,1957,0,1,0,0,0,1,1,31,1,1,0,1,0,0,0,1
0,9,0,0,2406,0,0,0,0,0,1,1,31,1,1,0,1,0,0,0,1
1,39,0,1,11760,1,1,0,0,0,1,1,32,1,0,0,1,0,1,0,1
0,12,1,0,2578,0,0,1,0,0,1,1,55,1,0,0,1,0,0,0,1
0,36,0,0,2348,0,1,1,1,0,0,0,46,1,1,0,1,0,1,0,1
1,12,1,0,1223,0,1,0,0,0,0,0,46,1,0,0,1,0,0,0,0
0,24,0,0,1516,1,1,1,0,0,0,0,43,1,1,0,0,0,0,0,1
0,18,1,0,1473,0,0,1,1,0,1,0,39,1,1,0,1,0,1,0,1
1,18,0,1,1887,0,1,1,1,0,1,0,28,0,1,0,1,0,0,0,1
0,24,0,1,8648,0,0,0,0,0,0,1,27,0,1,0,1,0,1,0,0
0,14,0,0,802,0,1,1,0,0,0,1,27,1,1,0,0,0,0,0,1
1,18,0,0,2899,0,1,1,0,0,1,1,43,1,1,0,1,1,0,0,1
1,24,1,0,2039,0,0,0,1,0,0,0,22,1,1,0,1,0,1,0,0
0,24,0,0,2197,0,1,1,0,0,1,1,43,1,1,0,1,1,1,0,1
0,15,1,0,1053,0,0,1,1,0,0,0,27,1,1,0,1,0,0,1,1
0,24,1,0,3235,1,1,1,0,0,0,1,26,1,1,0,1,0,1,0,1
1,12,0,0,939,1,1,1,1,0,0,0,28,1,1,1,1,0,1,0,0
1,24,1,0,1967,0,1,1,0,0,1,1,20,1,1,0,1,0,1,0,1
0,33,0,0,7253,0,1,1,0,0,0,1,35,1,1,0,1,0,1,0,1
0,12,0,1,2292,0,0,1,0,0,0,1,42,1,1,0,1,0,1,0,0
0,10,1,0,1597,1,1,1,0,0,0,1,40,1,0,0,0,1,0,1,1
0,24,1,0,1381,0,1,1,0,0,0,0,35,1,1,0,1,0,0,0,0
0,36,0,0,5842,0,1,0,0,0,0,0,35,1,1,0,1,1,1,0,1
0,12,1,0,2579,0,0,1,0,0,0,0,33,1,1,0,0,1,0,0,0
0,18,0,1,8471,0,1,0,0,0,0,1,23,1,0,0,1,0,1,0,1
0,21,1,0,2782,1,1,0,0,0,0,1,31,0,1,0,1,0,0,0,1
1,18,1,0,1042,0,1,1,0,0,0,0,33,1,1,0,1,0,0,0,0
0,15,1,0,3186,1,1,0,0,0,1,1,20,1,0,0,1,0,0,0,1
1,12,1,0,2028,0,1,1,0,0,0,1,30,1,1,0,1,0,0,0,1
1,12,0,0,958,0,1,0,0,0,1,0,47,1,1,0,0,1,0,0,1
0,21,0,0,1591,1,1,1,0,0,1,0,34,1,1,0,1,0,0,0,1
1,12,1,0,2762,0,1,0,0,0,0,0,25,0,1,0,1,0,1,0,0
1,18,1,0,2779,0,1,0,1,0,1,1,21,1,0,0,1,0,1,0,1
0,28,0,0,2743,0,1,1,0,0,0,1,29,1,1,0,1,0,0,0,1
0,18,0,0,1149,1,1,1,0,0,1,0,46,1,1,0,1,0,0,0,1
0,9,1,0,1313,0,1,0,0,0,1,1,20,1,1,0,1,0,0,0,1
0,18,0,1,1190,0,0,0,0,0,1,1,55,1,0,1,0,1,0,0,0
0,5,1,1,3448,0,1,0,0,0,1,0,74,1,1,0,0,0,0,0,1
1,24,1,0,11328,0,1,0,0,1,1,1,29,0,1,0,1,0,1,0,0
0,6,0,0,1872,0,0,1,0,0,1,1,36,1,0,1,1,0,1,0,1
0,24,0,1,2058,0,1,1,0,0,0,0,33,1,1,0,1,0,1,0,1
0,9,1,0,2136,0,1,1,0,0,0,0,25,1,1,0,1,0,0,0,1
1,12,1,0,1484,0,1,0,1,0,0,0,25,1,1,0,1,0,1,0,0
0,6,1,1,660,1,1,0,1,0,1,0,23,1,0,0,0,0,0,0,1
0,24,0,0,1287,1,1,1,0,0,1,0,37,1,1,0,1,0,1,0,1
0,42,0,1,3394,0,0,1,0,1,1,1,65,1,1,0,0,0,0,0,1
1,12,1,1,609,0,0,1,0,0,0,0,26,1,1,0,0,0,0,0,0
0,12,1,0,1884,0,1,1,0,0,1,1,39,1,1,0,1,0,1,0,1
0,12,1,0,1620,0,1,0,0,1,1,0,30,1,1,0,1,0,0,0,1
1,20,0,0,2629,0,1,0,0,0,1,1,29,0,1,0,1,0,1,0,1
0,12,1,1,719,0,1,1,0,0,1,1,41,0,1,0,0,1,0,0,0
1,48,0,0,5096,0,1,0,0,0,1,1,30,1,1,0,1,0,1,0,0
0,9,0,1,1244,0,1,1,0,0,1,0,41,1,0,0,0,0,0,0,1
0,36,1,0,1842,0,0,1,0,0,1,1,34,1,1,0,1,0,1,0,0
1,7,1,0,2576,0,1,0,0,1,0,0,35,1,1,0,1,0,0,0,1
1,12,1,0,1424,0,1,1,0,0,1,0,55,1,1,0,1,0,1,0,1
1,15,0,1,1512,1,1,1,1,0,1,0,61,1,1,0,1,0,0,0,0
0,36,0,0,11054,0,1,1,0,0,0,1,30,1,1,0,1,0,1,0,1
0,6,1,0,518,0,1,1,0,0,0,0,29,1,1,0,1,0,0,0,1
0,12,1,0,2759,0,1,0,0,0,1,0,34,1,1,0,1,0,0,0,1
0,24,1,0,2670,0,1,1,0,0,1,1,35,1,1,0,1,0,1,0,1
0,24,1,0,4817,0,1,0,0,1,1,0,31,1,1,0,1,0,1,0,0
0,24,1,0,2679,0,0,1,0,0,0,1,29,1,1,0,1,0,1,0,1
0,11,0,0,3905,0,1,0,0,0,0,0,36,1,0,0,1,1,0,0,1
0,12,1,0,3386,0,1,1,0,0,1,1,35,1,0,0,1,0,1,0,0
0,6,1,0,343,0,0,1,0,0,0,0,27,1,1,0,1,0,0,0,1
0,18,1,0,4594,0,0,1,0,0,0,1,32,1,1,0,1,0,1,0,1
0,36,1,0,3620,0,1,0,0,1,0,0,37,1,1,0,1,1,0,0,1
0,15,1,0,1721,0,0,0,0,0,1,0,36,1,1,0,1,0,0,0,1
1,12,1,0,3017,0,0,1,0,0,0,0,34,1,0,0,1,0,0,0,1
1,12,1,1,754,0,1,1,0,0,1,0,38,1,1,0,1,0,0,0,1
0,18,1,1,1950,0,1,1,0,0,0,1,34,1,1,0,1,0,1,0,1
0,24,1,0,2924,0,1,1,0,1,1,1,63,0,1,0,1,1,1,0,1
0,24,0,0,1659,0,0,1,0,0,0,1,29,1,0,0,0,0,1,0,0
0,48,0,0,7238,0,1,1,0,0,1,1,32,0,1,0,1,1,0,0,1
0,33,0,1,2764,0,1,0,0,0,0,1,26,1,1,0,1,0,1,0,1
0,24,0,0,4679,0,1,1,0,0,1,1,35,1,1,0,0,0,1,0,1
1,24,1,0,3092,1,0,1,1,0,0,1,22,1,0,0,1,0,1,0,0
0,6,1,1,448,0,0,1,0,0,1,0,23,1,1,0,1,0,0,0,0
0,9,1,0,654,0,1,1,0,0,1,1,28,1,1,0,0,0,0,0,0
0,6,1,1,1238,0,0,1,0,0,1,0,36,1,1,0,1,1,1,0,1
1,18,0,0,1245,0,1,1,1,0,0,1,33,1,1,0,1,0,0,0,0
0,18,1,0,3114,0,0,0,0,0,1,0,26,1,0,0,1,0,0,0,0
0,39,1,0,2569,1,1,1,0,0,1,1,24,1,1,0,1,0,0,0,1
1,24,1,0,5152,0,1,1,0,0,0,1,25,0,1,0,1,0,0,0,1
1,12,1,1,1037,1,1,1,0,0,1,0,39,1,1,0,0,0,0,0,1
0,15,0,0,1478,0,1,1,0,0,1,1,44,1,1,0,1,1,1,0,1
1,12,0,0,3573,0,1,0,0,0,0,0,23,1,1,0,0,0,0,0,1
1,24,1,0,1201,0,0,1,0,0,0,0,26,1,1,0,1,0,0,0,1
0,30,1,0,3622,1,1,1,0,0,1,0,57,1,0,0,1,0,1,0,1
0,15,0,0,960,1,1,1,0,0,0,0,30,1,1,0,1,0,0,0,1
0,12,0,0,1163,1,1,1,0,0,1,0,44,1,1,0,1,0,1,0,1
1,6,0,0,1209,0,0,1,0,0,1,0,47,1,1,0,1,0,1,0,0
0,12,1,0,3077,0,1,0,0,0,1,1,52,1,1,0,1,0,1,0,1
0,24,1,0,3757,0,1,1,0,1,1,1,62,1,0,0,1,0,1,0,1
0,10,1,0,1418,1,1,1,0,0,0,0,35,1,0,0,0,0,0,1,1
0,6,1,0,3518,0,1,0,0,1,1,0,26,1,0,0,1,0,0,0,1
0,12,0,0,1934,0,1,0,0,0,0,1,26,1,1,0,1,0,0,0,1
1,27,1,1,8318,0,1,0,0,0,1,1,42,1,0,0,1,0,1,0,0
0,6,0,0,1237,1,1,0,0,0,0,0,27,1,1,0,1,0,0,0,1
1,6,1,0,368,0,1,1,0,0,1,0,38,1,1,0,1,0,0,0,1
0,12,0,0,2122,0,1,1,0,0,0,0,39,1,0,0,0,1,0,1,1
0,24,1,0,2996,0,1,0,1,0,1,1,20,1,1,0,1,0,0,0,0
1,36,1,0,9034,1,0,1,0,1,0,1,29,1,0,0,1,0,1,0,0
0,24,0,0,1585,0,1,1,0,0,1,0,40,1,1,0,1,0,0,0,1
1,18,1,0,1301,0,1,1,1,1,0,0,32,1,1,0,0,0,0,0,1
1,6,0,0,1323,1,1,0,0,0,1,1,28,1,1,0,1,1,1,0,1
0,24,1,0,3123,0,0,1,0,0,0,0,27,1,1,0,1,0,0,0,0
0,36,1,0,5493,0,1,0,0,0,1,1,42,1,0,0,1,1,0,0,1
1,9,1,0,1126,1,1,0,0,0,1,0,49,1,1,0,1,0,0,0,1
1,24,0,0,1216,1,0,1,0,0,1,1,38,0,1,0,1,1,0,0,0
0,24,1,0,1207,0,0,1,0,0,1,0,24,1,0,0,1,0,0,0,0
0,10,1,0,1309,0,1,1,0,1,1,0,27,1,1,0,0,0,0,0,0
1,15,0,0,2360,1,1,0,0,0,0,1,36,1,1,0,1,0,1,0,1
1,15,1,0,6850,1,0,0,0,0,0,0,34,1,1,0,1,1,1,0,0
0,24,1,0,1413,0,1,1,1,0,0,0,28,1,1,0,1,0,0,0,1
0,39,1,0,8588,1,1,1,0,0,0,1,45,1,1,0,1,0,1,0,1
0,12,1,0,759,0,1,1,0,0,0,0,26,1,1,0,1,0,0,0,0
0,36,1,0,4686,0,1,0,0,0,0,1,32,1,0,0,1,0,1,0,1
1,15,1,1,2687,0,1,0,0,0,1,0,26,1,0,0,1,0,1,0,1
1,12,0,0,585,0,1,1,1,1,1,0,20,1,0,0,1,0,0,0,1
0,24,1,0,2255,0,0,1,0,0,0,0,54,1,1,0,1,0,0,0,1
0,6,0,0,609,0,1,1,0,0,1,0,37,1,1,0,1,0,0,1,1
0,6,0,0,1361,0,0,0,0,0,1,0,40,1,1,0,0,1,0,1,1
0,36,0,0,7127,0,0,0,0,0,1,0,23,1,0,0,1,0,1,0,0
0,6,1,0,1203,1,1,1,0,0,0,0,43,1,1,0,1,0,1,0,1
0,6,0,0,700,0,1,1,0,0,1,1,36,1,0,0,1,0,0,0,1
0,24,0,1,5507,0,1,1,0,0,1,1,44,1,0,0,1,0,0,0,1
0,18,1,0,3190,0,1,0,0,0,0,0,24,1,1,0,1,0,0,0,0
0,48,1,0,7119,0,1,1,0,0,1,1,53,1,0,0,1,1,0,0,0
0,24,1,0,3488,1,1,1,0,0,1,1,23,1,1,0,1,0,0,0,1
1,18,1,0,1113,0,1,1,0,1,1,0,26,1,1,0,0,1,0,0,1
1,26,1,0,7966,0,0,0,0,0,1,1,30,1,1,0,1,0,0,0,1
0,15,0,1,1532,1,1,1,0,0,1,1,31,1,1,0,1,0,0,0,1
0,4,0,0,1503,0,1,0,0,0,0,0,42,1,1,0,0,1,0,0,1
0,36,1,0,2302,0,1,1,0,0,1,1,31,1,0,0,1,0,0,0,0
0,6,1,0,662,0,0,1,0,0,1,0,41,1,1,0,0,1,1,0,1
1,36,1,1,2273,0,1,1,0,0,0,1,32,1,1,0,1,1,0,0,1
1,15,1,0,2631,1,1,0,0,0,1,1,28,1,0,0,1,0,1,0,0
0,12,0,0,1503,0,1,1,1,0,1,0,41,1,0,0,1,0,0,0,1
0,24,1,0,1311,1,1,1,1,0,1,0,26,1,1,0,1,0,1,0,1
0,24,1,0,3105,0,0,1,0,0,0,1,25,1,1,0,1,0,0,0,1
1,21,0,1,2319,0,0,0,0,0,0,1,33,1,0,0,1,0,0,0,0
0,6,1,0,1374,0,0,1,0,0,1,0,75,1,1,0,1,0,1,0,1
1,18,0,0,3612,0,1,1,0,0,1,0,37,1,1,0,1,0,1,0,1
0,48,1,0,7763,0,1,1,0,0,1,1,42,0,0,0,1,0,0,0,0
1,18,1,0,3049,0,0,0,0,0,0,0,45,1,1,0,0,0,0,0,1
1,12,1,0,1534,0,0,0,1,0,0,0,23,1,0,0,1,0,0,0,0
0,24,0,0,2032,0,1,1,0,0,1,1,60,1,0,0,1,0,1,0,1
0,30,1,0,6350,0,1,1,0,0,1,0,31,1,1,0,1,0,0,0,0
1,18,1,0,2864,0,1,0,0,0,0,0,34,1,1,0,0,1,0,0,0
0,12,0,0,1255,0,1,1,0,0,1,0,61,1,1,0,0,0,0,0,1
0,24,0,0,1333,0,0,1,0,0,0,0,43,1,0,0,1,1,0,0,0
0,24,0,0,2022,0,1,1,0,0,1,1,37,1,1,0,1,0,1,0,1
0,24,1,0,1552,0,1,1,0,0,0,1,32,0,1,0,1,1,0,0,1
0,12,1,0,626,0,1,1,0,0,1,0,24,0,1,0,0,0,0,0,0
0,48,0,0,8858,0,1,0,0,0,0,1,35,1,0,0,1,0,1,0,1
0,12,0,1,996,0,1,1,0,0,1,0,23,1,1,0,1,0,0,0,1
0,6,1,0,1750,1,1,0,0,0,1,0,45,0,1,0,0,1,0,0,1
0,48,1,0,6999,0,1,0,1,1,0,0,34,1,1,0,1,0,1,0,0
1,12,0,0,1995,1,0,1,0,0,0,1,27,1,1,0,1,0,0,0,1
1,9,1,1,1199,0,1,1,0,0,1,0,67,1,1,0,1,0,1,0,1
1,12,1,0,1331,0,0,0,0,0,0,1,22,1,1,0,1,0,0,0,0
1,18,1,0,2278,1,0,1,0,0,1,1,28,1,1,0,1,0,0,0,0
0,21,1,0,5003,0,1,0,0,0,1,0,29,0,1,0,1,0,1,0,0
0,24,1,0,3552,0,1,1,0,0,1,1,27,0,1,0,1,0,0,0,0
1,18,0,0,1928,0,0,0,0,0,0,0,31,1,1,0,0,0,0,0,0
0,24,1,0,2964,0,1,1,0,0,1,1,49,0,0,0,1,1,1,0,1
0,24,1,0,1546,0,1,1,0,1,1,1,24,0,0,0,0,0,0,0,0
1,6,0,0,683,0,0,0,0,0,0,0,29,0,1,0,1,0,0,0,1
1,36,1,0,12389,0,1,0,0,0,1,1,37,1,0,0,1,0,1,0,0
1,24,0,1,4712,0,1,1,0,0,0,0,37,0,1,0,1,0,1,0,1
1,24,0,0,1553,1,1,1,0,0,0,0,23,1,0,0,1,0,1,0,1
0,12,1,0,1372,0,1,0,0,0,1,1,36,1,1,0,1,0,0,0,0
0,24,0,0,2578,1,1,0,0,0,0,1,34,1,1,0,1,0,0,0,1
1,48,1,0,3979,0,1,1,0,0,0,1,41,1,1,0,1,1,1,0,1
0,48,1,0,6758,0,1,1,0,0,0,1,31,1,1,0,1,0,1,0,0
0,24,1,0,3234,0,0,1,0,0,1,0,23,1,0,0,0,0,1,0,0
0,30,0,0,5954,0,1,1,0,1,0,1,38,1,1,0,1,0,0,0,1
0,24,1,0,5433,0,0,0,0,0,1,0,26,1,0,0,1,0,1,0,1
0,15,1,1,806,0,1,1,0,0,1,0,22,1,1,0,0,0,0,0,1
1,9,1,0,1082,0,1,1,0,0,1,1,27,1,1,0,0,0,0,0,1
0,15,0,0,2788,0,1,0,0,1,1,1,24,0,1,0,1,0,0,0,1
1,12,1,0,2930,0,1,0,0,0,0,0,27,1,1,0,1,0,0,0,1
0,24,0,1,1927,0,1,1,0,0,0,1,33,1,1,0,1,0,1,0,1
1,36,0,0,2820,0,0,1,0,0,1,1,27,1,1,0,1,0,0,0,0
0,24,1,1,937,0,0,1,1,0,1,1,27,1,1,0,0,0,0,0,1
1,18,0,0,1056,0,1,1,0,1,1,0,30,0,1,0,1,0,0,0,0
1,12,0,0,3124,0,0,0,0,0,1,0,49,0,1,0,0,1,0,0,1
0,9,1,0,1388,0,1,1,0,0,0,0,26,1,0,0,1,0,0,0,1
1,36,1,1,2384,0,0,1,0,0,0,1,33,1,0,0,0,0,0,0,0
0,12,1,0,2133,0,1,1,0,0,1,1,52,1,0,0,1,0,1,0,1
0,18,1,0,2039,0,1,0,0,0,1,0,20,0,0,0,1,0,0,0,0
0,9,0,0,2799,0,1,0,0,0,0,0,36,1,0,0,1,1,0,0,1
0,12,1,0,1289,0,1,1,0,1,0,0,21,1,1,0,0,0,0,0,1
0,18,1,0,1217,0,1,1,1,0,1,0,47,1,1,0,0,0,1,0,0
0,12,0,0,2246,0,1,1,0,0,1,0,60,1,1,0,1,0,0,0,0
0,12,0,0,385,0,1,1,0,0,1,0,58,1,1,1,0,0,1,0,1
1,24,0,0,1965,0,1,1,0,0,1,1,42,1,0,0,1,0,1,0,1
0,21,1,1,1572,1,1,1,0,0,1,0,36,0,1,0,0,0,0,0,1
1,24,1,0,2718,0,1,1,0,0,1,0,20,1,0,0,0,0,1,0,0
0,24,1,0,1358,0,1,1,0,0,1,1,40,1,1,0,1,0,1,0,0
1,6,1,0,931,1,0,0,0,0,0,0,32,1,1,0,0,0,0,0,0
0,24,1,0,1442,0,1,1,0,0,1,1,23,1,0,0,1,0,0,0,0
1,24,1,1,4241,0,1,0,0,0,1,0,36,1,1,1,0,0,1,0,0
0,18,0,0,2775,0,1,0,0,0,0,0,31,0,1,0,1,0,0,0,0
0,24,0,1,3863,0,1,0,0,0,0,1,32,1,0,0,1,0,0,0,1
1,7,1,0,2329,0,0,0,0,1,0,0,45,1,1,0,1,0,0,0,1
1,9,1,0,918,0,1,1,0,0,0,0,30,1,1,0,1,0,0,0,0
1,24,1,1,1837,0,1,1,0,0,1,1,34,0,0,0,0,0,0,0,0
0,36,1,0,3349,0,1,1,0,0,0,1,28,1,1,0,1,0,1,0,0
1,10,1,0,1275,0,0,1,0,0,0,0,23,1,1,0,1,0,0,0,1
0,24,1,0,2828,1,1,1,0,0,1,0,22,1,1,0,1,0,1,0,1
0,24,0,1,4526,0,1,1,0,0,0,0,74,1,1,0,1,0,1,0,1
1,36,1,0,2671,1,1,1,0,1,1,1,50,1,0,0,1,0,0,0,0
0,18,1,0,2051,0,0,1,0,0,0,0,33,1,1,0,1,0,0,0,1
0,15,1,0,1300,0,1,1,0,0,1,1,45,0,0,0,1,1,0,0,1
0,12,1,0,741,1,0,1,0,0,1,0,22,1,1,0,1,0,0,0,0
1,10,1,0,1240,1,1,0,0,0,1,1,48,1,0,0,0,1,0,0,0
0,21,1,0,3357,1,0,1,0,0,0,1,29,0,1,0,1,0,0,0,1
0,24,1,0,3632,0,1,0,0,1,1,1,22,0,0,0,1,0,0,1,1
0,18,0,0,1808,0,1,1,0,0,0,0,22,1,1,0,1,0,0,0,0
1,48,1,1,12204,0,1,0,0,0,0,1,48,0,1,0,1,0,1,0,1
1,60,0,0,9157,0,1,0,0,0,0,1,27,1,0,0,1,0,0,0,1
0,6,0,0,3676,0,1,0,0,0,1,0,37,1,0,1,1,1,0,0,1
1,30,1,0,3441,1,1,0,0,1,1,1,21,1,0,0,1,0,0,0,0
0,12,1,0,640,0,1,1,0,0,0,0,49,1,1,0,0,0,0,0,1
1,21,0,1,3652,0,1,0,0,0,1,0,27,1,1,0,1,0,0,0,1
0,18,0,0,1530,0,1,1,0,0,0,0,32,0,1,0,1,0,0,0,0
0,48,1,1,3914,0,1,1,0,0,0,0,38,0,1,0,1,0,0,0,0
0,12,1,0,1858,0,0,1,0,0,0,1,22,1,0,0,1,0,0,0,1
0,18,1,0,2600,0,1,1,0,0,1,1,65,1,0,0,1,0,0,0,0
0,15,1,0,1979,0,1,1,0,0,0,1,35,1,1,0,1,0,0,0,1
1,6,1,0,2116,0,1,0,0,0,0,0,41,1,1,0,1,0,1,0,1
1,9,1,0,1437,1,1,0,0,0,1,1,29,1,1,0,1,0,0,0,0
0,42,0,0,4042,1,1,1,0,0,1,0,36,1,1,0,1,0,1,0,1
0,9,1,1,3832,0,1,0,0,0,1,0,64,1,1,0,0,0,0,0,1
0,24,1,0,3660,0,1,0,0,0,1,1,28,1,1,0,1,0,0,0,1
0,18,1,0,1553,0,1,1,0,0,1,1,44,0,1,0,1,0,0,0,0
1,15,1,0,1444,0,0,1,0,0,0,0,23,1,1,0,1,0,0,0,1
0,9,1,0,1980,0,0,0,0,1,0,1,19,1,0,0,1,0,0,0,0
1,24,1,0,1355,0,0,1,0,0,1,1,25,1,1,0,0,0,1,0,0
0,12,1,1,1393,0,1,1,0,0,1,0,47,0,1,1,1,1,1,0,1
0,24,1,0,1376,1,1,1,0,0,0,1,28,1,1,0,1,0,0,0,1
0,60,0,0,15653,0,1,0,0,0,1,1,21,1,1,0,1,0,1,0,1
0,12,1,0,1493,0,0,1,0,0,1,1,34,1,1,0,1,1,0,0,1
0,42,0,0,4370,0,1,1,0,0,0,0,26,0,1,0,1,1,1,0,0
0,18,1,1,750,0,0,1,0,0,0,0,27,1,1,0,0,0,0,0,0
1,15,1,1,1308,0,1,1,0,0,1,1,38,1,1,0,0,0,0,0,1
0,15,1,1,4623,1,1,1,0,0,0,0,40,1,1,0,1,0,1,0,0
0,24,0,0,1851,0,1,1,1,1,0,1,33,1,1,0,1,0,1,0,1
0,18,0,0,1880,0,1,1,1,0,0,0,32,1,1,0,1,0,1,0,1
0,36,0,1,7980,0,0,1,0,0,1,1,27,1,0,0,1,0,1,0,0
0,30,1,0,4583,0,1,0,0,1,0,0,32,1,1,0,1,0,0,0,1
0,12,1,0,1386,1,1,0,0,0,0,0,26,1,1,0,1,0,0,0,0
1,24,1,0,947,0,1,1,0,0,1,1,38,0,0,0,1,1,0,0,0
0,12,1,1,684,0,1,1,0,0,1,1,40,1,0,0,0,1,0,0,0
0,48,1,1,7476,0,1,1,0,0,0,1,50,1,0,0,1,0,1,0,1
1,12,1,0,1922,0,1,1,0,0,0,0,37,1,1,0,0,0,0,0,0
0,24,1,0,2303,0,1,1,0,1,0,0,45,1,1,0,1,0,0,0,0
1,36,0,0,8086,1,1,0,0,0,1,1,42,1,1,1,1,0,1,0,0
0,24,0,0,2346,0,1,1,0,0,1,1,35,1,1,0,1,0,1,0,1
0,14,1,0,3973,0,0,0,0,0,1,1,22,1,0,0,1,0,0,0,1
1,12,1,0,888,0,1,1,0,0,1,1,41,0,1,0,0,1,0,0,0
0,48,1,0,10222,0,1,1,0,0,1,1,37,1,1,0,1,0,1,0,1
1,30,1,1,4221,0,1,0,0,0,0,1,28,1,1,0,1,0,0,0,1
1,18,0,0,6361,0,1,0,0,0,0,1,41,1,1,0,1,0,1,0,1
1,12,1,0,1297,0,1,1,1,0,1,0,23,1,0,0,1,0,0,0,1
0,12,1,0,900,0,1,1,1,0,0,1,23,1,1,0,1,0,0,0,0
0,21,1,0,2241,0,1,1,0,0,0,0,50,1,1,0,1,0,0,0,1
1,6,0,0,1050,0,0,1,0,0,0,0,35,1,1,0,1,0,1,0,1
1,6,0,1,1047,0,1,0,0,0,1,0,50,1,1,0,0,0,0,0,1
0,24,0,0,6314,0,0,1,0,1,0,1,27,0,1,0,1,0,1,0,1
1,30,1,0,3496,1,1,1,0,0,0,1,34,1,1,0,1,1,1,0,1
0,48,1,1,3609,0,1,0,0,0,0,0,27,1,1,0,1,0,0,0,1
0,12,0,0,4843,0,1,1,0,1,1,0,43,1,0,0,1,0,1,0,0
1,30,0,0,3017,0,1,1,0,0,1,0,47,1,1,0,1,0,0,0,1
0,24,0,1,4139,1,1,1,0,0,1,0,27,1,1,0,0,0,1,0,1
0,36,1,1,5742,1,1,0,0,0,0,1,31,1,1,0,1,0,1,0,1
0,60,1,0,10366,0,1,0,0,0,1,0,42,1,1,0,1,0,1,0,1
0,6,0,0,2080,1,1,0,1,0,0,1,24,1,1,0,1,0,0,0,1
0,21,0,1,2580,1,0,1,0,0,0,0,41,0,1,0,0,1,0,0,0
0,30,0,0,4530,0,1,1,0,0,1,1,26,1,0,0,1,0,1,0,1
0,24,0,0,5150,0,1,1,0,0,1,1,33,1,1,0,1,0,1,0,1
1,72,1,0,5595,1,1,0,1,0,0,1,24,1,1,0,1,0,0,0,0
0,24,1,0,2384,0,1,1,0,0,1,0,64,0,0,0,0,0,0,0,1
0,18,1,0,1453,0,0,1,0,0,0,0,26,1,1,0,1,0,0,0,1
0,6,1,1,1538,0,0,0,0,0,0,1,56,1,1,0,1,0,0,0,1
0,12,1,0,2279,0,1,1,0,0,1,1,37,1,0,0,1,0,1,0,1
0,15,0,0,1478,0,1,1,1,0,1,0,33,0,1,0,1,0,0,0,1
0,24,0,0,5103,0,0,1,1,0,1,1,47,1,0,1,1,0,1,0,1
1,36,0,1,9857,1,1,0,0,0,1,0,31,1,1,0,0,1,1,0,1
0,60,1,0,6527,0,1,1,0,0,1,1,34,1,0,0,1,1,1,0,1
1,10,0,0,1347,0,1,1,0,0,0,0,27,1,1,0,1,0,1,0,1
1,36,0,0,2862,1,1,1,0,0,1,1,30,1,0,0,1,0,0,0,1
0,9,1,0,2753,1,1,1,0,1,1,1,35,1,1,0,1,0,1,0,1
0,12,1,0,3651,1,1,0,0,0,1,0,31,1,1,0,1,1,0,0,1
0,15,0,0,975,0,1,0,0,0,1,0,25,1,1,0,1,0,0,0,1
1,15,1,1,2631,1,1,1,0,0,0,0,25,1,1,0,0,0,0,0,1
1,24,1,0,2896,1,0,0,0,0,0,1,29,1,1,0,1,0,0,0,1
0,6,0,0,4716,0,0,0,0,0,1,0,44,1,1,0,0,1,0,0,1
0,24,1,0,2284,0,1,1,0,0,0,1,28,1,1,0,1,0,1,0,1
0,6,1,0,1236,1,1,0,0,0,1,0,50,1,0,0,1,0,0,0,1
1,12,1,0,1103,0,1,1,0,1,1,0,29,1,1,0,1,0,0,1,1
0,12,0,0,926,0,0,0,0,0,0,0,38,1,1,0,0,0,0,0,1
0,18,0,0,1800,0,1,1,0,0,0,1,24,1,1,0,1,0,0,0,1
1,15,1,1,1905,0,1,1,0,0,1,1,40,1,0,0,1,0,1,0,1
0,12,1,0,1123,1,1,1,0,0,1,1,29,1,0,0,0,0,0,0,0
0,48,0,0,6331,0,1,1,0,0,1,1,46,1,0,0,1,0,1,0,0
1,24,1,0,1377,1,1,1,0,0,0,1,47,1,0,0,1,0,1,0,1
1,30,0,1,2503,1,1,1,0,0,0,0,41,1,1,0,1,0,0,0,1
1,27,1,1,2528,0,0,1,0,0,0,0,32,1,1,0,1,1,1,0,1
0,15,1,0,5324,1,1,0,0,0,1,1,35,1,0,0,1,0,0,0,1
1,48,1,0,6560,1,1,1,0,0,0,0,24,1,1,0,1,0,0,0,0
1,12,1,0,2969,0,0,1,0,0,1,0,25,1,0,0,1,0,0,0,0
1,9,1,0,1206,0,1,1,0,0,1,0,25,1,1,0,1,0,0,0,1
1,9,1,0,2118,0,1,0,0,0,0,0,37,1,1,0,0,1,0,0,1
0,18,0,0,629,1,1,1,0,0,1,0,32,0,1,0,1,0,1,0,1
0,6,1,1,1198,0,1,1,0,0,1,1,35,1,0,0,1,0,0,0,0
0,21,1,0,2476,0,1,1,0,0,1,0,46,1,1,0,1,0,1,0,1
0,9,0,0,1138,0,1,1,0,0,1,0,25,1,1,0,0,0,0,0,1
1,60,1,0,14027,0,1,1,0,0,0,1,27,1,1,0,1,0,1,0,0
0,30,0,0,7596,0,1,0,0,0,1,1,63,1,1,0,1,0,0,0,1
0,30,0,0,3077,0,1,1,0,0,0,1,40,1,1,0,1,1,1,0,1
0,18,1,0,1505,0,1,1,0,0,0,1,32,1,0,0,1,0,1,0,1
1,24,0,0,3148,0,1,1,0,0,0,1,31,1,1,0,1,0,1,0,1
1,20,1,0,6148,1,1,1,1,0,1,1,31,0,1,0,1,0,1,0,1
1,9,1,0,1337,0,0,1,0,0,0,1,34,1,1,0,1,0,1,0,0
1,6,1,1,433,1,0,1,0,0,0,0,24,0,0,0,1,1,0,0,0
0,12,1,0,1228,0,1,1,0,0,0,0,24,1,1,0,0,0,0,0,0
1,9,1,0,790,1,1,1,0,0,1,0,66,1,1,0,0,0,0,0,1
0,27,1,0,2570,0,1,1,0,0,1,0,21,1,0,0,1,0,0,0,0
0,6,0,0,250,1,1,0,0,0,0,0,41,0,1,0,0,0,0,0,1
0,15,0,0,1316,1,1,0,1,0,0,0,47,1,1,0,0,0,0,0,1
0,18,1,0,1882,0,1,1,0,0,1,1,25,0,0,0,1,0,0,0,0
1,48,1,1,6416,0,1,1,0,0,1,1,59,1,0,0,1,0,0,0,0
1,24,0,1,1275,1,1,0,0,0,1,0,36,1,1,0,1,0,1,0,1
1,24,0,0,6403,0,0,0,0,0,0,1,33,1,1,0,1,0,0,0,1
0,24,1,0,1987,0,1,0,0,0,1,0,21,1,0,0,0,1,0,0,0
1,8,1,0,760,0,1,1,0,1,0,0,44,1,1,0,0,0,0,0,1
0,24,1,0,2603,1,1,0,0,0,1,1,28,1,0,0,1,0,1,0,1
0,4,0,0,3380,0,1,0,0,0,0,0,37,1,1,0,1,1,0,0,1
1,36,1,0,3990,0,0,1,0,0,0,1,29,0,1,0,0,0,0,0,1
1,24,1,0,11560,0,1,0,0,0,1,1,23,1,0,0,1,0,0,0,0
0,18,1,0,4380,1,1,1,0,0,1,1,35,1,1,0,0,1,1,0,1
0,6,0,0,6761,0,1,0,0,0,1,1,45,1,1,0,1,1,1,0,1
1,30,1,1,4280,1,1,1,0,0,1,1,26,1,0,0,0,0,0,0,0
0,24,1,0,2325,1,1,0,0,0,1,1,32,0,1,0,1,0,0,0,1
1,10,1,0,1048,0,1,1,0,0,1,0,23,1,1,0,0,0,0,0,1
0,21,1,0,3160,0,1,1,0,0,1,0,41,1,1,0,1,0,1,0,1
0,24,1,0,2483,1,1,1,0,0,1,0,22,1,1,0,1,0,1,0,1
0,39,0,0,14179,0,1,1,0,0,1,0,30,1,1,0,1,0,1,0,1
0,13,0,1,1797,0,0,1,0,0,0,0,28,0,1,0,0,0,0,0,1
0,15,1,0,2511,0,0,0,0,0,1,1,23,1,0,0,1,0,0,0,1
0,12,1,0,1274,0,0,1,0,0,0,0,37,1,1,0,0,0,0,0,0
0,21,1,0,5248,0,1,0,0,0,1,1,26,1,1,0,1,0,0,0,1
0,15,1,0,3029,0,1,0,0,0,0,1,33,1,1,0,1,0,0,0,1
0,6,1,0,428,0,1,0,0,0,0,0,49,0,1,0,1,0,1,0,1
0,18,1,0,976,0,0,0,0,0,0,1,23,1,1,0,0,0,0,0,0
1,12,1,1,841,1,1,0,0,0,1,0,23,1,0,0,0,0,0,0,1
0,30,0,0,5771,0,1,1,0,0,0,1,25,1,1,0,1,0,0,0,1
0,12,0,1,1555,1,1,1,0,0,1,1,55,1,0,0,1,1,0,0,0
0,24,1,0,1285,0,1,1,0,0,1,1,32,1,0,0,1,0,0,0,0
1,6,0,0,1299,0,1,0,0,0,0,0,74,1,1,1,0,1,0,1,1
1,15,0,0,1271,0,1,1,0,0,1,1,39,1,0,0,1,0,1,0,0
0,24,1,0,1393,0,1,0,0,1,0,0,31,1,1,0,1,0,1,0,1
0,12,0,0,691,0,1,1,0,0,1,0,35,1,1,0,1,0,0,0,0
0,15,0,0,5045,0,1,0,0,0,1,1,59,1,1,0,1,0,1,0,1
0,18,0,0,2124,0,1,1,0,0,1,0,24,1,0,0,1,0,0,0,0
0,12,1,0,2214,0,1,1,0,0,1,0,24,1,1,0,0,0,0,0,1
0,21,0,0,12680,0,1,1,0,0,1,1,30,1,0,0,1,0,1,0,0
0,24,0,0,2463,1,1,1,1,0,1,0,27,1,1,0,1,0,1,0,1
1,12,1,0,1155,0,1,1,1,1,1,0,40,0,1,0,0,0,0,0,1
0,30,1,0,3108,0,0,0,0,0,1,0,31,1,1,0,0,0,0,0,0
0,10,1,0,2901,0,0,0,0,0,1,0,31,1,0,0,1,0,0,0,1
1,12,0,0,3617,0,1,0,0,0,1,1,28,1,0,1,1,0,1,0,1
0,12,0,0,1655,0,1,0,0,0,1,0,63,1,1,0,0,0,1,0,1
0,24,1,0,2812,0,1,0,0,0,1,0,26,1,0,0,1,0,0,0,1
0,36,0,1,8065,0,1,1,0,0,0,1,25,1,1,0,1,0,1,0,0
0,21,0,0,3275,0,1,0,0,0,1,1,36,1,1,0,1,0,1,0,1
0,24,0,0,2223,1,1,1,0,0,1,0,52,0,1,0,1,0,0,0,1
1,12,0,0,1480,1,0,0,0,0,1,1,66,0,0,1,0,0,0,0,1
0,24,1,0,1371,0,1,1,0,0,1,0,25,1,0,0,1,0,0,0,0
0,36,0,0,3535,0,1,1,0,0,1,1,37,1,1,0,1,0,1,0,1
0,18,1,0,3509,0,1,1,0,1,0,0,25,1,1,0,1,0,0,0,1
0,36,0,0,5711,1,1,1,0,0,0,1,38,1,1,0,1,0,1,0,1
1,18,1,1,3872,0,0,0,0,0,1,1,67,1,1,0,1,0,1,0,1
1,39,0,0,4933,0,1,0,0,1,0,0,25,1,1,0,1,0,0,0,0
0,24,0,0,1940,1,1,1,0,0,1,0,60,1,1,0,1,0,1,0,1
1,12,1,1,1410,0,1,0,0,0,0,0,31,1,1,0,0,0,1,0,1
1,12,1,0,836,1,0,1,0,0,0,0,23,0,1,0,0,0,0,0,0
1,20,1,0,6468,0,0,0,0,0,1,0,60,1,1,0,1,0,1,0,1
1,18,1,1,1941,1,1,1,0,0,0,0,35,1,1,0,0,0,1,0,1
0,22,1,0,2675,1,1,1,0,0,1,1,40,1,1,0,1,0,0,0,1
0,48,0,0,2751,0,1,1,0,0,1,1,38,1,1,0,1,1,1,0,1
1,48,0,1,6224,0,1,1,0,0,1,1,50,1,0,0,1,0,0,0,0
0,40,0,1,5998,0,1,1,0,0,1,1,27,0,1,0,1,0,1,0,0
1,21,1,1,1188,0,1,0,0,0,1,0,39,1,1,0,1,1,0,0,0
0,24,1,0,6313,0,1,1,0,0,1,1,41,1,1,0,1,1,1,0,1
0,6,0,0,1221,0,1,0,1,0,0,0,27,1,1,0,1,0,0,0,1
1,24,1,0,2892,0,1,1,0,0,1,1,51,1,0,0,1,0,0,0,1
0,24,1,0,3062,1,1,1,0,0,1,1,32,1,0,0,1,0,1,0,1
0,9,1,0,2301,1,0,0,0,0,1,0,22,1,0,0,1,0,0,0,1
0,18,1,0,7511,0,1,0,0,0,1,0,51,1,0,0,1,1,1,0,0
0,12,0,0,1258,0,0,0,0,0,1,0,22,1,0,0,0,0,0,0,1
0,24,0,0,717,0,1,1,1,0,1,1,54,1,1,0,1,0,1,0,1
1,9,1,0,1549,0,0,1,0,0,0,0,35,1,1,0,0,0,0,0,1
0,24,0,1,1597,0,1,1,0,0,1,1,54,1,0,0,1,1,0,0,1
1,18,0,0,1795,0,1,1,0,1,1,0,48,0,0,0,0,0,1,0,1
0,20,0,0,4272,0,1,0,0,0,1,0,24,1,1,0,1,0,0,0,1
0,12,0,0,976,0,1,1,0,0,1,1,35,1,1,0,1,0,0,0,1
1,12,1,0,7472,0,0,0,0,0,0,0,24,1,0,0,0,0,0,0,1
0,36,1,0,9271,0,1,0,0,0,0,1,24,1,1,0,1,0,1,0,0
1,6,1,0,590,0,0,1,1,0,1,0,26,1,1,0,0,0,0,1,1
0,12,0,0,930,0,1,1,0,0,1,0,65,1,1,1,1,0,0,0,1
1,42,1,0,9283,0,0,0,0,0,0,1,55,0,0,0,1,0,1,0,1
1,15,1,0,1778,0,0,0,0,0,0,0,26,1,0,0,0,0,0,0,0
1,8,1,1,907,0,0,1,1,0,0,0,26,1,1,0,1,0,1,0,1
1,6,1,0,484,0,1,1,1,1,1,0,28,0,1,0,0,0,0,0,1
0,36,0,0,9629,0,1,1,0,0,1,1,24,1,1,0,1,0,1,0,0
0,48,1,0,3051,0,1,1,0,0,1,1,54,1,1,0,1,0,0,0,0
0,48,1,0,3931,0,1,1,0,0,1,1,46,1,0,0,1,1,0,0,0
1,36,0,0,7432,0,1,0,0,0,0,0,54,1,0,0,1,0,0,0,1
0,6,1,0,1338,1,1,0,0,0,1,0,62,1,1,0,1,0,0,0,1
0,6,0,0,1554,0,1,0,0,0,0,1,24,1,0,0,1,0,1,0,1
0,36,1,0,15857,0,0,0,0,1,1,1,43,1,1,0,1,0,0,0,1
0,18,1,0,1345,0,1,1,1,0,1,0,26,0,1,0,1,0,0,0,0
0,12,1,0,1101,0,1,1,1,0,0,0,27,1,1,0,1,0,1,0,1
1,12,1,0,3016,0,1,1,1,0,0,1,24,1,1,0,1,0,0,0,1
0,36,1,0,2712,0,1,0,0,0,0,0,41,0,1,0,1,1,0,0,0
0,8,0,0,731,0,1,1,0,0,1,0,47,1,1,0,0,0,0,0,1
0,18,0,0,3780,0,0,1,0,0,0,1,35,1,1,0,1,0,1,0,1
0,21,0,0,1602,0,1,1,1,0,1,1,30,1,1,0,1,0,1,0,1
0,18,0,0,3966,0,1,0,0,0,1,0,33,0,0,1,1,0,1,0,0
0,18,1,1,4165,0,1,0,0,0,0,1,36,1,1,0,1,1,0,0,0
0,36,1,0,8335,0,1,1,0,0,1,1,47,1,0,0,1,0,0,0,0
1,48,0,1,6681,0,1,1,0,0,1,1,38,1,0,0,1,1,1,0,1
0,24,0,1,2375,1,1,1,0,0,0,1,44,1,1,0,1,1,1,0,1
0,18,1,0,1216,0,0,1,0,0,1,1,23,1,0,0,1,0,1,0,0
0,45,1,1,11816,0,1,0,0,0,1,1,29,1,0,0,1,0,0,0,0
1,24,1,0,5084,0,1,0,0,0,1,1,42,1,1,0,1,0,1,0,1
1,15,1,0,2327,0,0,0,0,0,1,0,25,1,1,0,0,0,0,0,0
0,12,1,0,1082,0,1,1,0,0,1,1,48,0,1,0,1,0,0,0,0
0,12,1,0,886,0,1,1,0,0,0,1,21,1,1,0,1,0,0,0,1
0,4,1,0,601,0,0,0,0,0,1,0,23,1,0,0,0,1,0,0,1
0,24,0,0,2957,0,1,1,0,0,1,0,63,1,1,0,1,0,1,0,1
0,24,0,0,2611,0,1,1,1,1,1,0,46,1,1,0,1,0,0,0,1
0,36,1,0,5179,0,1,1,0,0,0,0,29,1,1,0,1,0,0,0,0
0,21,0,0,2993,0,1,1,0,0,0,0,28,1,1,0,0,0,0,0,1
0,18,1,1,1943,0,0,1,0,0,1,0,23,1,1,0,1,0,0,0,0
0,24,1,1,1559,0,1,1,0,0,1,1,50,0,1,0,1,0,1,0,1
0,18,1,0,3422,0,1,1,0,0,1,0,47,0,1,1,1,1,1,0,1
1,21,1,0,3976,0,1,0,0,0,1,1,35,1,1,0,1,0,1,0,1
0,18,1,0,6761,0,1,0,0,0,1,1,68,1,0,0,1,0,0,0,0
0,24,1,0,1249,0,0,1,1,0,0,0,28,1,1,0,1,0,0,0,1
0,9,1,0,1364,0,1,1,0,0,1,0,59,1,1,0,1,0,0,0,1
0,12,1,0,709,0,1,1,0,0,1,0,57,1,1,0,0,0,0,0,0
0,20,0,0,2235,0,1,1,1,1,0,0,33,0,0,0,1,0,0,1,0
0,24,0,0,4042,0,1,1,0,0,1,0,43,1,1,0,1,0,1,0,1
0,15,0,0,1471,0,1,1,0,0,1,1,35,1,0,0,1,0,1,0,1
0,18,1,0,1442,0,1,1,0,0,1,1,32,1,0,0,0,1,0,0,0
0,36,0,0,10875,0,1,0,0,0,0,1,45,1,1,0,1,1,1,0,1
0,24,1,0,1474,1,0,1,1,0,1,0,33,1,1,0,1,0,1,0,1
0,10,1,1,894,0,1,1,0,0,1,0,40,1,1,0,1,0,1,0,1
0,15,0,0,3343,0,1,1,0,0,0,1,28,1,0,0,1,0,1,0,1
0,15,1,0,3959,0,1,1,0,0,0,0,29,1,1,0,1,0,1,0,0
0,9,1,0,3577,1,1,0,0,1,0,0,26,1,0,0,1,1,0,1,1
0,24,0,0,5804,1,1,1,0,0,0,0,27,1,1,0,1,0,0,0,1
0,18,0,1,2169,0,1,1,1,0,0,1,28,1,1,0,1,0,1,0,0
0,24,1,0,2439,0,0,1,0,0,1,0,35,1,1,0,1,0,1,0,0
0,27,0,0,4526,1,0,1,0,0,0,0,32,1,1,0,0,1,1,0,1
0,10,1,0,2210,0,1,0,0,0,0,0,25,0,0,0,0,0,0,0,0
0,15,1,0,2221,1,1,0,0,0,1,1,20,1,0,0,1,0,0,0,1
0,18,1,0,2389,0,0,1,0,0,0,1,27,1,1,0,1,0,0,0,1
0,12,0,0,3331,0,1,0,0,0,1,0,42,1,1,0,1,0,0,0,1
0,36,1,1,7409,0,1,1,0,0,0,0,37,1,1,0,1,0,0,0,1
0,12,1,0,652,0,1,1,0,0,1,0,24,1,0,0,1,0,0,0,1
0,36,0,0,7678,1,1,0,0,0,1,1,40,1,1,0,1,0,1,0,1
1,6,0,0,1343,0,1,0,0,0,1,0,46,1,1,0,1,1,0,1,1
0,24,0,1,1382,1,1,1,0,0,0,0,26,1,1,0,1,0,1,0,1
0,15,1,0,874,0,0,1,0,0,0,0,24,1,1,0,1,0,0,0,1
0,12,1,0,3590,0,1,0,0,1,0,0,29,1,1,0,0,1,0,0,1
1,11,0,0,1322,1,1,1,0,0,1,1,40,1,1,0,1,0,0,0,1
0,18,1,0,1940,0,0,1,0,1,1,1,36,0,0,0,1,0,1,0,1
0,36,1,0,3595,0,1,1,0,0,0,1,28,1,1,0,1,0,0,0,1
0,9,1,0,1422,0,0,1,0,0,0,1,27,1,0,0,1,0,1,0,0
0,30,0,0,6742,0,1,0,0,0,1,0,36,1,1,0,1,0,0,0,1
0,24,1,0,7814,0,1,1,0,0,1,1,38,1,1,0,1,0,1,0,1
0,24,1,0,9277,0,1,0,0,0,1,1,48,1,0,0,1,0,1,0,1
1,30,0,0,2181,0,1,1,0,0,1,0,36,1,1,0,1,0,0,0,1
0,18,0,0,1098,0,0,1,0,0,1,1,65,1,1,0,0,0,0,0,1
1,24,1,0,4057,0,1,1,0,0,1,1,43,1,1,0,1,0,1,0,0
0,12,1,1,795,0,0,1,0,0,1,0,53,1,1,0,1,0,0,0,0
1,24,0,1,2825,0,1,1,0,0,1,1,34,1,1,0,1,1,1,0,1
1,48,1,1,15672,0,1,0,0,0,0,1,23,1,1,0,1,0,1,0,0
0,36,0,0,6614,0,1,1,0,0,1,1,34,1,1,0,1,0,1,0,1
0,28,1,0,7824,0,0,1,0,1,1,0,40,0,0,0,1,1,1,0,1
0,27,0,1,2442,0,1,1,0,0,1,1,43,1,1,1,1,1,1,0,1
0,15,0,0,1829,0,1,1,0,0,1,1,46,1,1,0,1,0,1,0,1
0,12,0,0,2171,0,1,1,0,0,1,0,38,0,1,0,0,0,0,1,1
1,36,0,0,5800,0,1,1,0,0,1,1,34,1,1,0,1,0,1,0,1
0,18,0,0,1169,0,1,1,0,0,1,0,29,1,1,0,1,0,1,0,1
0,36,0,0,8947,0,1,1,0,0,0,1,31,1,1,0,1,1,1,0,1
0,21,1,0,2606,0,0,1,0,0,1,0,28,1,0,0,1,0,1,0,1
0,12,0,0,1592,1,1,1,0,0,0,0,35,1,1,0,1,0,0,1,1
0,15,1,0,2186,0,1,0,0,0,1,0,33,0,0,0,0,0,0,0,1
0,18,1,0,4153,0,1,0,0,1,1,1,42,1,1,0,1,0,0,0,0
0,16,0,0,2625,0,1,0,0,1,1,0,43,0,0,0,1,0,1,0,0
0,20,0,0,3485,0,0,0,0,0,1,0,44,1,1,0,1,0,1,0,1
0,36,0,0,10477,0,1,0,0,0,1,1,42,1,0,0,1,0,0,0,1
0,15,1,0,1386,0,1,1,1,0,0,0,40,1,0,0,1,0,1,0,1
0,24,1,0,1278,0,1,1,0,0,0,0,36,1,1,0,1,0,1,0,1
0,12,1,0,1107,0,1,0,0,0,0,0,20,1,0,0,1,1,1,0,1
0,21,1,0,3763,0,1,0,0,1,0,0,24,1,1,0,0,0,0,1,1
1,36,1,1,3711,0,1,0,1,0,0,1,27,1,1,0,1,0,0,0,1
0,15,0,0,3594,0,0,0,0,0,0,0,46,1,1,0,0,0,0,0,1
1,9,1,0,3195,0,1,0,0,0,0,0,33,1,1,0,0,0,0,0,1
0,36,0,0,4454,0,1,1,0,0,1,0,34,1,1,0,1,0,0,0,1
1,24,0,0,4736,0,0,0,0,0,1,1,25,0,1,0,0,0,0,0,0
1,30,1,0,2991,0,1,0,0,0,1,1,25,1,1,0,1,0,0,0,1
0,11,1,1,2142,1,1,0,0,0,0,0,28,1,1,0,1,0,1,0,1
0,24,1,1,3161,0,1,1,0,0,0,0,31,1,0,0,1,0,1,0,0
1,48,1,0,18424,0,1,0,0,0,0,0,32,0,1,0,1,0,1,1,0
0,10,1,0,2848,1,1,0,0,1,0,0,32,1,1,0,1,1,0,0,1
0,6,1,0,14896,0,1,0,0,0,1,1,68,0,1,0,1,0,1,0,0
0,24,1,0,2359,1,0,0,0,0,0,0,33,1,1,0,1,0,0,0,0
0,24,1,0,3345,0,1,1,0,0,0,0,39,1,0,0,1,0,1,0,0
0,18,0,0,1817,0,1,1,0,0,0,1,28,1,1,0,1,0,0,0,1
0,48,0,0,12749,1,1,1,0,0,0,1,37,1,1,0,1,0,1,0,1
0,9,1,0,1366,0,0,1,0,0,1,0,22,1,0,0,1,0,0,0,0
1,12,1,0,2002,0,1,1,0,0,1,0,30,1,0,0,1,1,1,0,1
0,24,1,0,6872,0,0,0,0,0,0,0,55,0,1,0,1,0,1,0,0
0,12,1,0,697,0,0,1,0,0,0,1,46,0,1,0,1,0,1,0,0
0,18,0,0,1049,0,0,1,0,0,1,0,21,1,0,0,1,0,0,0,1
0,48,1,0,10297,0,1,1,0,0,1,1,39,1,0,1,1,1,1,0,0
0,30,1,0,1867,0,1,1,0,0,1,1,58,1,1,0,1,0,1,0,1
0,12,0,0,1344,0,1,1,0,0,0,0,43,1,1,0,0,1,0,0,1
0,24,1,0,1747,0,0,1,0,1,0,0,24,1,1,0,0,0,0,1,1
1,9,1,0,1670,0,0,1,0,0,0,1,22,1,1,0,1,0,1,0,0
0,9,0,0,1224,0,1,1,0,0,0,0,30,1,1,0,1,0,0,0,1
0,12,0,0,522,1,1,1,0,0,1,0,42,1,1,0,1,1,1,0,1
0,12,1,0,1498,0,1,1,0,0,0,1,23,0,1,0,1,0,0,0,1
1,30,0,0,1919,1,0,1,0,0,1,1,30,1,1,0,1,0,0,0,0
1,9,1,0,745,0,1,1,0,0,0,0,28,1,1,0,0,0,0,0,0
1,6,1,0,2063,0,0,1,1,0,1,1,30,1,0,0,1,0,1,0,1
1,60,1,1,6288,0,1,1,0,0,1,1,42,1,0,0,1,0,0,0,0
0,24,0,0,6842,0,1,0,0,0,1,0,46,1,1,0,1,1,1,0,1
0,12,1,0,3527,0,0,0,0,0,1,0,45,1,1,0,1,1,1,0,1
0,10,1,0,1546,0,1,1,0,0,0,0,31,1,1,0,0,1,0,1,1
0,24,1,0,929,0,1,1,0,0,0,1,31,1,1,0,1,0,1,0,1
0,4,0,0,1455,0,1,0,0,0,0,0,42,1,1,1,0,1,0,0,1
0,15,1,0,1845,0,0,1,0,1,0,0,46,1,0,0,1,0,0,0,1
1,48,1,0,8358,1,0,0,0,0,0,1,30,1,1,0,1,0,0,0,1
0,24,1,0,3349,1,0,1,0,0,1,1,30,1,0,0,1,1,1,0,0
0,12,1,0,2859,0,0,1,0,0,1,1,38,1,1,0,1,0,1,0,1
0,18,1,0,1533,0,0,1,1,1,0,0,43,1,1,0,0,1,0,0,0
0,24,1,0,3621,1,1,0,0,0,1,1,31,1,1,0,1,0,0,0,0
1,18,0,1,3590,0,0,1,1,0,1,1,40,1,1,1,0,1,1,0,1
0,36,0,1,2145,0,1,0,0,0,0,1,24,1,1,0,1,0,1,0,0
1,24,1,0,4113,1,0,1,0,0,1,1,28,1,0,0,1,0,0,0,0
0,36,1,0,10974,0,0,1,0,0,0,1,26,1,1,0,1,0,1,0,0
0,12,1,0,1893,0,1,1,0,1,1,0,29,1,1,0,1,0,1,0,1
0,24,0,0,1231,1,1,1,0,0,1,0,57,1,0,0,1,0,1,0,1
1,30,0,0,3656,0,1,1,0,0,1,0,49,1,1,0,0,0,0,0,1
1,9,0,0,1154,0,1,0,0,0,1,0,37,1,1,1,0,0,0,0,1
0,28,1,0,4006,0,1,1,0,0,0,1,45,1,1,0,0,0,0,0,0
1,24,1,0,3069,1,1,1,0,0,1,1,30,1,0,0,1,0,0,0,1
0,6,0,0,1740,0,1,0,1,0,0,0,30,1,0,0,1,0,0,0,1
1,21,0,0,2353,0,1,0,0,0,1,0,47,1,1,0,1,0,0,0,1
0,15,1,0,3556,0,1,1,0,0,0,1,29,1,1,0,1,0,0,0,1
0,24,1,0,2397,1,1,1,0,0,0,1,35,0,1,0,1,0,1,0,0
1,6,1,1,454,0,0,1,1,0,0,0,22,1,1,0,0,0,0,0,1
1,30,1,0,1715,0,1,1,0,0,0,1,26,1,1,0,1,0,0,0,1
1,27,0,0,2520,1,1,1,0,0,0,0,23,1,1,0,0,0,0,0,0
0,15,1,0,3568,0,1,1,0,0,0,1,54,0,0,0,1,0,1,0,1
0,42,1,0,7166,0,1,0,1,0,1,0,29,1,0,0,1,0,1,0,1
0,11,0,0,3939,0,1,0,0,0,0,0,40,1,1,0,0,1,0,0,1
1,15,1,1,1514,1,1,1,0,1,0,0,22,1,1,0,1,0,0,0,1
0,24,1,0,7393,0,1,0,0,0,1,0,43,1,1,0,0,1,0,0,1
0,24,1,0,1193,0,0,0,0,1,1,1,29,1,0,0,0,0,0,0,0
0,60,1,1,7297,0,1,1,0,1,1,1,36,1,0,0,1,0,0,0,0
0,30,0,0,2831,0,1,1,0,0,0,1,33,1,1,0,1,0,1,0,1
1,24,1,0,1258,1,1,1,0,0,1,1,57,1,1,0,0,0,0,0,1
1,6,1,0,753,0,1,0,0,1,1,0,64,1,1,0,1,0,0,0,1
1,18,0,1,2427,0,1,1,0,0,0,0,42,1,1,0,1,0,0,0,1
0,24,0,0,2538,0,1,1,0,0,1,1,47,1,1,0,0,1,0,0,0
1,15,1,0,1264,1,1,0,1,0,0,0,25,1,0,0,1,0,0,0,0
1,30,0,0,8386,0,1,0,0,0,0,0,49,1,1,0,1,0,0,0,0
0,48,1,1,4844,0,0,1,0,0,0,1,33,0,0,0,1,0,1,0,0
1,21,1,0,2923,1,1,0,0,0,0,1,28,0,1,0,1,0,1,0,1
0,36,1,0,8229,0,1,0,0,0,0,0,26,1,1,0,1,1,0,0,0
0,24,0,0,2028,0,1,0,0,0,0,0,30,1,1,0,0,0,0,0,1
0,15,0,0,1433,0,1,1,0,0,1,0,25,1,0,0,1,0,0,0,1
1,42,1,1,6289,0,0,0,0,0,0,0,33,1,1,0,1,0,0,0,1
0,13,1,0,1409,1,0,0,0,0,1,0,64,1,1,0,1,0,0,0,1
0,24,1,0,6579,0,0,1,0,0,0,1,29,1,0,0,1,0,1,0,1
1,24,0,0,1743,0,1,1,0,0,0,0,48,1,1,0,0,0,0,0,1
0,12,0,1,3565,0,0,0,0,0,0,0,37,1,1,0,0,1,0,0,1
0,15,1,0,1569,1,1,1,0,0,1,1,34,0,1,0,0,1,0,0,1
0,18,1,0,1936,0,1,0,1,0,1,1,23,1,0,0,0,0,0,0,1
0,36,1,0,3959,0,0,1,0,0,1,0,30,1,1,0,1,0,1,0,1
0,12,1,0,2390,0,1,1,0,0,1,1,50,1,1,0,1,0,1,0,1
0,12,1,0,1736,0,1,1,0,0,1,0,31,1,1,0,0,0,0,0,1
0,30,1,0,3857,0,1,1,0,0,1,0,40,1,1,0,1,0,1,0,1
0,12,1,0,804,0,1,1,0,0,1,1,38,1,1,0,1,0,0,0,1
0,45,1,0,1845,0,1,1,0,0,1,1,23,1,0,0,1,0,1,0,0
1,45,0,0,4576,1,0,1,0,0,1,1,27,1,1,0,1,0,0,0,1
1,48,1,0,5951,0,1,0,0,0,0,0,22,1,1,0,1,0,0,0,0
0,24,0,0,4870,0,1,1,0,0,1,1,53,1,0,0,1,1,0,0,0
1,30,0,0,5234,0,0,1,1,0,0,1,28,1,1,0,1,0,0,0,0
1,12,1,0,1295,0,0,1,0,0,0,1,25,1,0,0,1,0,0,0,0
0,48,1,1,4308,0,0,1,0,0,1,0,24,1,0,0,1,0,0,0,0
0,24,0,0,1199,0,1,1,0,0,1,1,60,1,1,0,0,0,0,0,0
0,24,1,0,1282,1,1,1,0,0,0,1,32,1,1,0,0,0,0,0,0
1,24,1,0,12579,0,1,1,0,0,0,1,44,1,0,0,1,0,1,0,0
0,60,0,1,6836,0,1,1,0,0,1,1,63,1,1,0,1,0,1,0,0
1,45,0,0,4746,0,0,1,0,0,0,0,25,1,1,0,0,0,0,0,0
1,18,1,0,2100,0,1,1,0,1,0,0,37,1,1,0,1,0,0,0,0
0,48,0,0,6143,0,1,1,0,0,1,1,58,1,0,0,0,0,0,0,0
1,36,0,0,2225,0,1,1,0,0,1,1,57,0,0,0,1,0,1,0,0
1,12,1,0,6468,0,0,0,0,0,0,1,52,1,1,0,1,0,1,0,0
0,36,0,0,6229,0,0,1,0,1,1,1,23,1,0,0,0,0,1,0,0
1,36,1,1,1953,0,1,1,0,0,1,1,61,1,0,0,1,0,1,0,0
1,48,1,1,14421,0,1,0,0,0,0,1,25,1,1,0,1,0,1,0,0
0,36,1,1,1819,0,1,1,0,0,1,1,37,1,0,0,1,0,1,0,0
0,36,1,1,1977,0,1,1,0,0,1,1,40,1,1,0,1,0,1,0,0
0,42,1,0,3965,0,0,1,0,0,1,1,34,1,1,0,1,0,0,0,0
0,24,1,0,5943,0,0,0,0,0,0,1,44,1,1,0,1,0,1,0,0
1,36,1,1,12612,1,1,0,0,0,1,1,47,1,0,0,1,1,1,0,0
0,12,1,1,1108,0,1,1,0,0,1,0,28,1,1,0,1,0,0,0,0
0,12,0,0,797,0,1,1,0,0,1,0,33,0,1,0,0,1,0,0,0
1,54,1,1,15945,0,0,1,0,0,1,1,58,1,0,0,1,0,1,0,0
1,24,0,0,11938,0,1,0,0,1,1,1,39,1,1,0,1,1,1,0,0
0,18,1,0,6458,0,1,0,0,0,1,1,39,0,1,0,1,1,1,0,0
0,36,0,0,7855,0,1,1,0,0,0,0,25,1,1,0,1,0,1,0,0
0,42,1,0,7174,0,1,1,0,0,1,1,30,1,1,0,1,0,1,0,0
0,33,0,0,4281,1,1,0,0,0,1,1,23,1,1,0,1,0,0,0,0
0,21,1,0,1835,0,1,1,0,0,0,0,25,1,1,0,1,0,1,0,0
1,18,1,0,1924,0,0,1,0,0,1,0,27,1,0,0,1,0,0,0,0
1,12,1,1,639,0,1,1,0,0,0,1,30,1,1,0,1,0,0,0,0
0,12,0,0,3499,0,1,1,0,1,0,0,29,1,1,0,1,0,0,0,0
0,36,0,1,6887,0,1,1,0,0,1,0,29,1,1,0,1,0,1,0,0
1,12,1,0,766,1,1,1,0,0,1,0,66,1,1,0,0,0,0,0,0
0,18,1,0,2462,0,1,0,0,0,0,1,22,1,1,0,1,0,0,0,0
0,12,1,0,1282,0,1,0,0,0,1,1,20,1,0,0,1,0,0,0,0
0,18,1,0,1131,0,0,1,0,0,0,1,33,1,1,0,1,0,0,0,0
1,24,0,1,1935,0,1,1,0,0,1,0,31,1,1,0,1,0,1,0,0
0,15,1,0,950,0,1,1,0,0,1,1,33,1,0,0,1,1,0,0,0
1,24,0,0,2064,0,0,1,0,0,0,0,34,1,1,0,1,0,1,0,0
0,21,0,1,3414,0,0,0,0,0,0,0,26,1,1,0,1,0,0,0,0
0,30,1,0,7485,0,0,1,0,0,0,0,53,0,1,0,1,0,1,0,0
0,36,0,1,9572,0,0,0,0,0,0,1,28,1,1,0,1,0,0,0,0
1,36,0,1,4455,0,1,0,0,0,0,0,30,1,1,0,1,0,1,0,0
0,21,1,0,1647,0,1,1,0,0,0,0,40,1,1,0,0,1,0,0,0
1,18,0,0,884,0,1,1,0,0,1,1,36,0,1,0,1,1,1,0,0
1,9,1,0,5129,0,1,0,0,0,1,1,74,0,0,0,1,1,1,0,0
0,12,1,0,674,1,1,1,1,0,0,0,20,1,1,0,1,0,0,0,0
0,24,1,1,4591,1,1,0,0,0,1,0,54,1,1,1,1,0,1,0,0
1,48,1,1,3844,1,1,1,0,0,1,1,34,1,0,0,0,1,0,0,0
1,27,1,1,3915,0,1,1,0,0,0,1,36,1,1,0,1,1,1,0,0
1,45,1,0,3031,1,1,1,0,1,1,0,21,1,0,0,1,0,0,0,0
1,9,0,1,1501,0,1,0,0,0,1,1,34,1,1,0,1,0,1,0,0
1,12,1,0,951,1,0,1,0,0,1,1,27,0,0,1,1,0,0,0,0
1,18,0,0,4297,0,1,1,0,0,1,1,40,1,1,0,1,0,1,0,0
0,12,1,1,902,0,1,1,1,0,1,0,21,1,0,0,1,0,0,0,0
0,27,1,1,5293,0,0,0,0,0,1,0,50,1,1,0,1,0,1,0,0
1,30,0,1,1908,0,1,1,0,0,1,0,66,1,1,0,1,0,1,0,0
1,48,1,0,10961,1,1,0,0,1,0,1,27,0,1,0,1,0,1,0,0
0,12,1,0,7865,0,1,1,0,0,1,1,53,1,0,0,1,0,1,0,0
0,9,1,0,1478,0,1,1,0,0,0,1,22,1,1,0,1,0,0,0,0
1,36,1,0,4210,0,1,1,0,0,0,1,26,1,1,0,1,0,0,0,0
0,24,1,0,1823,0,0,1,0,0,0,1,30,1,1,0,1,1,0,0,0
1,6,1,0,14555,0,0,0,0,0,0,0,23,1,1,0,0,0,1,0,0
1,21,1,1,2767,1,1,1,0,0,0,1,61,0,0,0,0,0,0,0,0
0,24,1,0,915,0,1,1,0,0,0,1,29,0,1,0,1,0,0,0,0
0,48,1,0,4605,0,1,1,0,0,1,1,24,1,0,0,1,1,0,0,0
0,18,1,0,433,0,0,1,0,1,1,0,22,1,0,0,1,0,0,0,0
1,30,1,0,2150,0,1,1,0,1,0,1,24,0,1,0,1,0,0,0,0
0,12,1,0,2149,0,1,1,0,0,0,1,29,1,0,0,1,0,0,0,0
1,15,1,0,802,0,1,1,0,0,1,1,37,1,1,0,1,1,0,0,0
0,14,1,0,8978,0,1,0,0,0,1,0,45,1,1,0,1,0,1,1,0
1,48,1,0,3060,0,1,1,0,0,1,0,28,1,1,0,1,0,0,0,0
0,30,1,1,11998,0,0,0,0,0,0,1,34,1,1,0,0,0,1,0,0
0,6,1,0,4611,0,0,0,0,0,1,0,32,1,1,0,1,0,0,0,0
0,24,0,0,1024,0,0,1,1,0,1,0,48,1,1,0,1,0,0,0,0
1,36,1,0,9398,0,0,0,1,0,1,1,28,1,0,0,1,0,1,0,0
1,48,1,0,9960,0,0,0,0,0,0,1,26,1,1,0,1,0,1,0,0
1,36,1,0,3804,0,1,1,0,0,0,1,42,1,1,0,1,0,1,0,0
1,24,0,0,1344,0,1,1,0,0,0,0,37,0,1,0,0,1,0,0,0
0,48,0,0,10127,1,1,0,0,0,0,1,44,0,0,0,1,0,0,0,0
0,12,1,0,727,1,0,1,1,0,1,1,33,1,1,0,0,0,1,0,0
1,8,1,0,1237,0,1,1,0,0,1,0,24,1,1,0,1,0,0,0,0
1,12,1,0,685,0,1,0,1,0,1,1,25,0,1,0,0,0,0,0,0
0,36,1,0,2746,0,1,1,0,0,1,1,31,0,1,0,1,0,0,0,0
1,30,0,0,4249,0,0,1,1,0,0,1,28,1,1,0,1,0,0,0,0
0,24,1,0,1938,0,0,1,0,0,1,0,32,1,1,0,1,0,0,0,0
0,18,0,1,1864,1,1,1,0,0,0,0,30,1,1,0,1,0,0,0,0
1,60,1,0,7408,1,0,1,0,0,0,0,24,1,1,0,1,0,0,0,0
0,48,0,0,11590,1,1,0,0,0,1,1,24,0,0,0,0,0,0,0,0
0,24,1,0,4110,0,1,1,0,0,1,1,23,0,0,0,1,1,0,0,0
0,6,0,0,3384,0,1,0,0,0,1,0,44,1,0,0,1,0,1,0,0
0,15,1,0,1275,0,1,1,0,0,0,1,24,1,0,0,1,0,0,0,0
1,9,0,1,1136,1,1,1,0,0,1,1,32,1,0,0,1,1,0,0,0
1,9,1,0,959,0,1,0,0,0,0,1,29,1,1,0,1,0,0,1,0
0,12,1,0,6199,0,1,1,0,0,0,0,28,1,0,0,1,0,1,0,0
1,24,1,0,1246,0,0,1,0,0,0,0,23,1,1,0,0,0,0,0,0
0,36,0,0,4463,0,1,1,0,0,0,1,26,1,1,0,1,0,1,0,0
0,30,1,0,2406,0,1,1,0,0,1,0,23,1,0,0,1,0,0,0,0
0,18,1,0,2473,0,0,1,0,0,0,1,25,1,1,0,0,0,0,0,0
0,36,1,0,3446,0,1,1,0,0,0,1,42,1,1,0,1,1,0,0,0
1,60,1,0,14782,1,1,1,0,0,1,1,60,0,0,0,1,0,1,0,0
0,48,1,1,7685,0,1,0,0,1,1,1,37,1,0,0,1,0,0,0,0
1,36,1,0,14318,0,1,1,0,0,0,1,57,1,0,0,1,0,1,0,0
1,18,1,0,12976,0,0,1,0,0,1,1,38,1,0,0,1,0,1,0,0
1,12,1,0,1223,0,1,0,0,0,0,0,46,1,0,0,1,0,0,0,0
0,24,0,1,8648,0,0,0,0,0,0,1,27,0,1,0,1,0,1,0,0
1,24,1,0,2039,0,0,0,1,0,0,0,22,1,1,0,1,0,1,0,0
1,12,0,0,939,1,1,1,1,0,0,0,28,1,1,1,1,0,1,0,0
0,12,0,1,2292,0,0,1,0,0,0,1,42,1,1,0,1,0,1,0,0
0,24,1,0,1381,0,1,1,0,0,0,0,35,1,1,0,1,0,0,0,0
0,12,1,0,2579,0,0,1,0,0,0,0,33,1,1,0,0,1,0,0,0
1,18,1,0,1042,0,1,1,0,0,0,0,33,1,1,0,1,0,0,0,0
1,12,1,0,2762,0,1,0,0,0,0,0,25,0,1,0,1,0,1,0,0
0,18,0,1,1190,0,0,0,0,0,1,1,55,1,0,1,0,1,0,0,0
1,24,1,0,11328,0,1,0,0,1,1,1,29,0,1,0,1,0,1,0,0
1,12,1,0,1484,0,1,0,1,0,0,0,25,1,1,0,1,0,1,0,0
1,12,1,1,609,0,0,1,0,0,0,0,26,1,1,0,0,0,0,0,0
0,12,1,1,719,0,1,1,0,0,1,1,41,0,1,0,0,1,0,0,0
1,48,0,0,5096,0,1,0,0,0,1,1,30,1,1,0,1,0,1,0,0
0,36,1,0,1842,0,0,1,0,0,1,1,34,1,1,0,1,0,1,0,0
1,15,0,1,1512,1,1,1,1,0,1,0,61,1,1,0,1,0,0,0,0
0,24,1,0,4817,0,1,0,0,1,1,0,31,1,1,0,1,0,1,0,0
0,12,1,0,3386,0,1,1,0,0,1,1,35,1,0,0,1,0,1,0,0
0,24,0,0,1659,0,0,1,0,0,0,1,29,1,0,0,0,0,1,0,0
1,24,1,0,3092,1,0,1,1,0,0,1,22,1,0,0,1,0,1,0,0
0,6,1,1,448,0,0,1,0,0,1,0,23,1,1,0,1,0,0,0,0
0,9,1,0,654,0,1,1,0,0,1,1,28,1,1,0,0,0,0,0,0
1,18,0,0,1245,0,1,1,1,0,0,1,33,1,1,0,1,0,0,0,0
0,18,1,0,3114,0,0,0,0,0,1,0,26,1,0,0,1,0,0,0,0
1,6,0,0,1209,0,0,1,0,0,1,0,47,1,1,0,1,0,1,0,0
1,27,1,1,8318,0,1,0,0,0,1,1,42,1,0,0,1,0,1,0,0
0,24,1,0,2996,0,1,0,1,0,1,1,20,1,1,0,1,0,0,0,0
1,36,1,0,9034,1,0,1,0,1,0,1,29,1,0,0,1,0,1,0,0
0,24,1,0,3123,0,0,1,0,0,0,0,27,1,1,0,1,0,0,0,0
1,24,0,0,1216,1,0,1,0,0,1,1,38,0,1,0,1,1,0,0,0
0,24,1,0,1207,0,0,1,0,0,1,0,24,1,0,0,1,0,0,0,0
0,10,1,0,1309,0,1,1,0,1,1,0,27,1,1,0,0,0,0,0,0
1,15,1,0,6850,1,0,0,0,0,0,0,34,1,1,0,1,1,1,0,0
0,12,1,0,759,0,1,1,0,0,0,0,26,1,1,0,1,0,0,0,0
0,36,0,0,7127,0,0,0,0,0,1,0,23,1,0,0,1,0,1,0,0
0,18,1,0,3190,0,1,0,0,0,0,0,24,1,1,0,1,0,0,0,0
0,48,1,0,7119,0,1,1,0,0,1,1,53,1,0,0,1,1,0,0,0
0,36,1,0,2302,0,1,1,0,0,1,1,31,1,0,0,1,0,0,0,0
1,15,1,0,2631,1,1,0,0,0,1,1,28,1,0,0,1,0,1,0,0
1,21,0,1,2319,0,0,0,0,0,0,1,33,1,0,0,1,0,0,0,0
0,48,1,0,7763,0,1,1,0,0,1,1,42,0,0,0,1,0,0,0,0
1,12,1,0,1534,0,0,0,1,0,0,0,23,1,0,0,1,0,0,0,0
